glyph_id,label,char,category,source_image,sheet_id,block_idx,row,column,crop_x1,crop_y1,crop_x2,crop_y2,norm_size,scale,ink_pixels,contrast,blur_variance,quality_score,confidence,review_status,issues,output_path
0_001,0,0,numbers,media_1791224864875.jpg,numbers_and_symbols,0,0,0,12,38,27,65,128,3.556,1499,88.53,100.2,1.0,1.0,GOOD,NONE,C:\Projects\Transcriber\dataset\glyphs\numbers\0\0_001.png
0_002,0,0,numbers,media_1791224864875.jpg,numbers_and_symbols,0,0,1,64,41,79,65,128,4.0,1696,103.74,98.49,1.0,1.0,GOOD,NONE,C:\Projects\Transcriber\dataset\glyphs\numbers\0\0_002.png
0_003,0,0,numbers,media_1791224864875.jpg,numbers_and_symbols,0,0,2,116,40,131,63,128,4.174,1785,105.94,95.92,1.0,1.0,GOOD,NONE,C:\Projects\Transcriber\dataset\glyphs\numbers\0\0_003.png
0_004,0,0,numbers,media_1791224864875.jpg,numbers_and_symbols,0,0,3,166,38,182,65,128,3.556,1481,99.16,121.36,1.0,1.0,GOOD,NONE,C:\Projects\Transcriber\dataset\glyphs\numbers\0\0_004.png
0_005,0,0,numbers,media_1791224864875.jpg,numbers_and_symbols,0,0,4,227,41,243,63,128,4.364,2000,100.42,66.73,1.0,1.0,GOOD,NONE,C:\Projects\Transcriber\dataset\glyphs\numbers\0\0_005.png
0_006,0,0,numbers,media_1791224864875.jpg,numbers_and_symbols,0,0,5,284,40,299,62,128,4.364,1897,111.53,84.65,1.0,1.0,GOOD,NONE,C:\Projects\Transcriber\dataset\glyphs\numbers\0\0_006.png
0_007,0,0,numbers,media_1791224864875.jpg,numbers_and_symbols,0,0,6,337,38,353,63,128,3.84,1827,105.58,119.87,1.0,1.0,GOOD,NONE,C:\Projects\Transcriber\dataset\glyphs\numbers\0\0_007.png
0_008,0,0,numbers,media_1791224864875.jpg,numbers_and_symbols,0,0,7,401,37,418,61,128,4.0,1792,109.56,79.08,1.0,1.0,GOOD,NONE,C:\Projects\Transcriber\dataset\glyphs\numbers\0\0_008.png
0_009,0,0,numbers,media_1791224864875.jpg,numbers_and_symbols,0,0,8,461,33,477,60,128,3.556,1570,103.11,134.32,1.0,1.0,GOOD,NONE,C:\Projects\Transcriber\dataset\glyphs\numbers\0\0_009.png
0_010,0,0,numbers,media_1791224864875.jpg,numbers_and_symbols,0,0,9,513,33,531,58,128,3.84,2045,99.6,101.68,1.0,1.0,GOOD,NONE,C:\Projects\Transcriber\dataset\glyphs\numbers\0\0_010.png
0_011,0,0,numbers,media_1791224864875.jpg,numbers_and_symbols,0,0,10,578,33,596,61,128,3.429,1763,102.33,149.37,1.0,1.0,GOOD,NONE,C:\Projects\Transcriber\dataset\glyphs\numbers\0\0_011.png
0_012,0,0,numbers,media_1791224864875.jpg,numbers_and_symbols,0,0,11,640,35,658,60,128,3.84,1892,105.57,116.21,1.0,1.0,GOOD,NONE,C:\Projects\Transcriber\dataset\glyphs\numbers\0\0_012.png
0_013,0,0,numbers,media_1791224864875.jpg,numbers_and_symbols,0,0,12,700,32,714,55,128,4.174,1745,111.46,98.55,1.0,1.0,GOOD,NONE,C:\Projects\Transcriber\dataset\glyphs\numbers\0\0_013.png
0_014,0,0,numbers,media_1791224864875.jpg,numbers_and_symbols,0,0,13,748,31,766,54,128,4.174,2083,94.64,62.74,1.0,1.0,GOOD,NONE,C:\Projects\Transcriber\dataset\glyphs\numbers\0\0_014.png
1_001,1,1,numbers,media_1791224864875.jpg,numbers_and_symbols,0,1,0,20,99,28,119,128,4.8,1033,90.25,76.82,1.0,1.0,GOOD,NONE,C:\Projects\Transcriber\dataset\glyphs\numbers\1\1_001.png
1_002,1,1,numbers,media_1791224864875.jpg,numbers_and_symbols,0,1,1,71,104,79,122,128,5.333,1206,97.85,34.75,1.0,1.0,GOOD,NONE,C:\Projects\Transcriber\dataset\glyphs\numbers\1\1_002.png
1_003,1,1,numbers,media_1791224864875.jpg,numbers_and_symbols,0,1,2,128,103,136,123,128,4.8,1128,103.41,52.82,1.0,1.0,GOOD,NONE,C:\Projects\Transcriber\dataset\glyphs\numbers\1\1_003.png
1_004,1,1,numbers,media_1791224864875.jpg,numbers_and_symbols,0,1,3,171,102,179,122,128,4.8,1123,88.55,60.37,1.0,1.0,GOOD,NONE,C:\Projects\Transcriber\dataset\glyphs\numbers\1\1_004.png
1_005,1,1,numbers,media_1791224864875.jpg,numbers_and_symbols,0,1,4,234,101,243,122,128,4.571,996,101.39,53.34,1.0,1.0,GOOD,NONE,C:\Projects\Transcriber\dataset\glyphs\numbers\1\1_005.png
1_006,1,1,numbers,media_1791224864875.jpg,numbers_and_symbols,0,1,5,294,101,301,122,128,4.571,913,95.07,152.92,1.0,1.0,GOOD,NONE,C:\Projects\Transcriber\dataset\glyphs\numbers\1\1_006.png
1_007,1,1,numbers,media_1791224864875.jpg,numbers_and_symbols,0,1,6,353,103,360,123,128,4.8,980,88.66,97.36,1.0,1.0,GOOD,NONE,C:\Projects\Transcriber\dataset\glyphs\numbers\1\1_007.png
1_008,1,1,numbers,media_1791224864875.jpg,numbers_and_symbols,0,1,7,410,100,417,121,128,4.571,913,90.11,131.18,1.0,1.0,GOOD,NONE,C:\Projects\Transcriber\dataset\glyphs\numbers\1\1_008.png
1_009,1,1,numbers,media_1791224864875.jpg,numbers_and_symbols,0,1,8,466,100,474,120,128,4.8,938,79.93,78.9,1.0,1.0,GOOD,NONE,C:\Projects\Transcriber\dataset\glyphs\numbers\1\1_009.png
1_010,1,1,numbers,media_1791224864875.jpg,numbers_and_symbols,0,1,9,523,98,531,116,128,5.333,1007,84.42,38.39,1.0,1.0,GOOD,NONE,C:\Projects\Transcriber\dataset\glyphs\numbers\1\1_010.png
1_011,1,1,numbers,media_1791224864875.jpg,numbers_and_symbols,0,1,10,591,92,598,112,128,4.8,1055,63.3,53.55,1.0,1.0,GOOD,NONE,C:\Projects\Transcriber\dataset\glyphs\numbers\1\1_011.png
1_012,1,1,numbers,media_1791224864875.jpg,numbers_and_symbols,0,1,11,643,96,651,114,128,5.333,1068,79.71,33.34,1.0,1.0,GOOD,NONE,C:\Projects\Transcriber\dataset\glyphs\numbers\1\1_012.png
1_013,1,1,numbers,media_1791224864875.jpg,numbers_and_symbols,0,1,12,702,95,710,116,128,4.571,1010,82.84,69.97,1.0,1.0,GOOD,NONE,C:\Projects\Transcriber\dataset\glyphs\numbers\1\1_013.png
1_014,1,1,numbers,media_1791224864875.jpg,numbers_and_symbols,0,1,13,736,87,744,108,128,4.571,1042,84.24,89.5,1.0,1.0,GOOD,NONE,C:\Projects\Transcriber\dataset\glyphs\numbers\1\1_014.png
2_001,2,2,numbers,media_1791224864875.jpg,numbers_and_symbols,0,2,0,16,157,34,181,128,4.0,1616,114.27,56.08,1.0,1.0,GOOD,NONE,C:\Projects\Transcriber\dataset\glyphs\numbers\2\2_001.png
2_002,2,2,numbers,media_1791224864875.jpg,numbers_and_symbols,0,2,1,64,159,78,180,128,4.571,1535,113.55,48.22,1.0,1.0,GOOD,NONE,C:\Projects\Transcriber\dataset\glyphs\numbers\2\2_002.png
2_003,2,2,numbers,media_1791224864875.jpg,numbers_and_symbols,0,2,2,125,159,139,183,128,4.0,1280,109.89,56.74,1.0,1.0,GOOD,NONE,C:\Projects\Transcriber\dataset\glyphs\numbers\2\2_003.png
2_004,2,2,numbers,media_1791224864875.jpg,numbers_and_symbols,0,2,3,178,160,194,181,128,4.571,1682,114.27,41.22,1.0,1.0,GOOD,NONE,C:\Projects\Transcriber\dataset\glyphs\numbers\2\2_004.png
2_005,2,2,numbers,media_1791224864875.jpg,numbers_and_symbols,0,2,4,233,161,248,183,128,4.364,1595,105.46,62.49,1.0,1.0,GOOD,NONE,C:\Projects\Transcriber\dataset\glyphs\numbers\2\2_005.png
2_006,2,2,numbers,media_1791224864875.jpg,numbers_and_symbols,0,2,5,295,162,311,182,128,4.8,1623,93.79,31.21,1.0,1.0,GOOD,NONE,C:\Projects\Transcriber\dataset\glyphs\numbers\2\2_006.png
2_007,2,2,numbers,media_1791224864875.jpg,numbers_and_symbols,0,2,6,349,160,366,181,128,4.571,1607,92.63,32.88,1.0,1.0,GOOD,NONE,C:\Projects\Transcriber\dataset\glyphs\numbers\2\2_007.png
2_008,2,2,numbers,media_1791224864875.jpg,numbers_and_symbols,0,2,7,406,161,424,182,128,4.571,1599,87.47,36.74,1.0,1.0,GOOD,NONE,C:\Projects\Transcriber\dataset\glyphs\numbers\2\2_008.png
2_009,2,2,numbers,media_1791224864875.jpg,numbers_and_symbols,0,2,8,470,160,488,181,128,4.571,1658,93.2,41.67,1.0,1.0,GOOD,NONE,C:\Projects\Transcriber\dataset\glyphs\numbers\2\2_009.png
2_010,2,2,numbers,media_1791224864875.jpg,numbers_and_symbols,0,2,9,524,159,539,179,128,4.8,1548,89.73,44.8,1.0,1.0,GOOD,NONE,C:\Projects\Transcriber\dataset\glyphs\numbers\2\2_010.png
2_011,2,2,numbers,media_1791224864875.jpg,numbers_and_symbols,0,2,10,586,159,602,180,128,4.571,1633,98.34,50.08,1.0,1.0,GOOD,NONE,C:\Projects\Transcriber\dataset\glyphs\numbers\2\2_011.png
2_012,2,2,numbers,media_1791224864875.jpg,numbers_and_symbols,0,2,11,640,160,654,181,128,4.571,1589,107.18,52.6,1.0,1.0,GOOD,NONE,C:\Projects\Transcriber\dataset\glyphs\numbers\2\2_012.png
2_013,2,2,numbers,media_1791224864875.jpg,numbers_and_symbols,0,2,12,692,162,708,182,128,4.8,1778,92.91,37.99,1.0,1.0,GOOD,NONE,C:\Projects\Transcriber\dataset\glyphs\numbers\2\2_013.png
2_014,2,2,numbers,media_1791224864875.jpg,numbers_and_symbols,0,2,13,738,160,754,181,128,4.571,1651,101.99,44.29,1.0,1.0,GOOD,NONE,C:\Projects\Transcriber\dataset\glyphs\numbers\2\2_014.png
3_001,3,3,numbers,media_1791224864875.jpg,numbers_and_symbols,0,3,0,18,220,35,240,128,4.8,2001,99.71,38.82,1.0,1.0,GOOD,NONE,C:\Projects\Transcriber\dataset\glyphs\numbers\3\3_001.png
3_002,3,3,numbers,media_1791224864875.jpg,numbers_and_symbols,0,3,1,67,224,81,245,128,4.571,1414,111.35,53.98,1.0,1.0,GOOD,NONE,C:\Projects\Transcriber\dataset\glyphs\numbers\3\3_002.png
3_003,3,3,numbers,media_1791224864875.jpg,numbers_and_symbols,0,3,2,115,224,130,245,128,4.571,1641,114.32,51.74,1.0,1.0,GOOD,NONE,C:\Projects\Transcriber\dataset\glyphs\numbers\3\3_003.png
3_004,3,3,numbers,media_1791224864875.jpg,numbers_and_symbols,0,3,3,172,223,186,243,128,4.8,1569,116.85,51.86,1.0,1.0,GOOD,NONE,C:\Projects\Transcriber\dataset\glyphs\numbers\3\3_004.png
3_005,3,3,numbers,media_1791224864875.jpg,numbers_and_symbols,0,3,4,231,223,245,244,128,4.571,1506,103.51,51.57,1.0,1.0,GOOD,NONE,C:\Projects\Transcriber\dataset\glyphs\numbers\3\3_005.png
3_006,3,3,numbers,media_1791224864875.jpg,numbers_and_symbols,0,3,5,291,223,307,242,128,5.053,1825,95.01,40.36,1.0,1.0,GOOD,NONE,C:\Projects\Transcriber\dataset\glyphs\numbers\3\3_006.png
3_007,3,3,numbers,media_1791224864875.jpg,numbers_and_symbols,0,3,6,346,220,360,240,128,4.8,1549,106.4,38.05,1.0,1.0,GOOD,NONE,C:\Projects\Transcriber\dataset\glyphs\numbers\3\3_007.png
3_008,3,3,numbers,media_1791224864875.jpg,numbers_and_symbols,0,3,7,405,221,419,240,128,5.053,1700,96.95,47.0,1.0,1.0,GOOD,NONE,C:\Projects\Transcriber\dataset\glyphs\numbers\3\3_008.png
3_009,3,3,numbers,media_1791224864875.jpg,numbers_and_symbols,0,3,8,460,219,475,238,128,5.053,1775,81.54,32.65,1.0,1.0,GOOD,NONE,C:\Projects\Transcriber\dataset\glyphs\numbers\3\3_009.png
3_010,3,3,numbers,media_1791224864875.jpg,numbers_and_symbols,0,3,9,519,219,533,239,128,4.8,1499,86.13,34.37,1.0,1.0,GOOD,NONE,C:\Projects\Transcriber\dataset\glyphs\numbers\3\3_010.png
3_011,3,3,numbers,media_1791224864875.jpg,numbers_and_symbols,0,3,10,583,217,597,237,128,4.8,1723,88.8,41.77,1.0,1.0,GOOD,NONE,C:\Projects\Transcriber\dataset\glyphs\numbers\3\3_011.png
3_012,3,3,numbers,media_1791224864875.jpg,numbers_and_symbols,0,3,11,638,218,652,236,128,5.333,1882,90.81,29.95,1.0,1.0,GOOD,NONE,C:\Projects\Transcriber\dataset\glyphs\numbers\3\3_012.png
3_013,3,3,numbers,media_1791224864875.jpg,numbers_and_symbols,0,3,12,696,219,709,237,128,5.333,1990,90.44,47.3,1.0,1.0,GOOD,NONE,C:\Projects\Transcriber\dataset\glyphs\numbers\3\3_013.png
3_014,3,3,numbers,media_1791224864875.jpg,numbers_and_symbols,0,3,13,748,217,759,235,128,5.333,1687,107.96,54.58,1.0,1.0,GOOD,NONE,C:\Projects\Transcriber\dataset\glyphs\numbers\3\3_014.png
4_001,4,4,numbers,media_1791224864875.jpg,numbers_and_symbols,0,4,0,18,286,37,306,128,4.8,2089,93.53,35.67,1.0,1.0,GOOD,NONE,C:\Projects\Transcriber\dataset\glyphs\numbers\4\4_001.png
4_002,4,4,numbers,media_1791224864875.jpg,numbers_and_symbols,0,4,1,72,286,90,305,128,5.053,2275,100.25,38.04,1.0,1.0,GOOD,NONE,C:\Projects\Transcriber\dataset\glyphs\numbers\4\4_002.png
4_003,4,4,numbers,media_1791224864875.jpg,numbers_and_symbols,0,4,2,120,288,137,306,128,5.333,2172,97.9,28.75,1.0,1.0,GOOD,NONE,C:\Projects\Transcriber\dataset\glyphs\numbers\4\4_003.png
4_004,4,4,numbers,media_1791224864875.jpg,numbers_and_symbols,0,4,3,171,288,190,307,128,5.053,2350,95.13,32.16,1.0,1.0,GOOD,NONE,C:\Projects\Transcriber\dataset\glyphs\numbers\4\4_004.png
4_005,4,4,numbers,media_1791224864875.jpg,numbers_and_symbols,0,4,4,227,287,245,305,128,5.333,2441,99.56,28.15,1.0,1.0,GOOD,NONE,C:\Projects\Transcriber\dataset\glyphs\numbers\4\4_005.png
4_006,4,4,numbers,media_1791224864875.jpg,numbers_and_symbols,0,4,5,292,283,311,303,128,4.8,2146,89.77,45.75,1.0,1.0,GOOD,NONE,C:\Projects\Transcriber\dataset\glyphs\numbers\4\4_006.png
4_007,4,4,numbers,media_1791224864875.jpg,numbers_and_symbols,0,4,6,350,284,368,302,128,5.333,2270,94.92,26.68,1.0,1.0,GOOD,NONE,C:\Projects\Transcriber\dataset\glyphs\numbers\4\4_007.png
4_008,4,4,numbers,media_1791224864875.jpg,numbers_and_symbols,0,4,7,408,285,427,302,128,5.053,2100,87.26,36.95,1.0,1.0,GOOD,NONE,C:\Projects\Transcriber\dataset\glyphs\numbers\4\4_008.png
4_009,4,4,numbers,media_1791224864875.jpg,numbers_and_symbols,0,4,8,466,283,484,301,128,5.333,2469,94.13,33.49,1.0,1.0,GOOD,NONE,C:\Projects\Transcriber\dataset\glyphs\numbers\4\4_009.png
4_010,4,4,numbers,media_1791224864875.jpg,numbers_and_symbols,0,4,9,520,282,538,300,128,5.333,2394,104.95,34.61,1.0,1.0,GOOD,NONE,C:\Projects\Transcriber\dataset\glyphs\numbers\4\4_010.png
4_011,4,4,numbers,media_1791224864875.jpg,numbers_and_symbols,0,4,10,578,283,596,301,128,5.333,2455,95.37,28.26,1.0,1.0,GOOD,NONE,C:\Projects\Transcriber\dataset\glyphs\numbers\4\4_011.png
4_012,4,4,numbers,media_1791224864875.jpg,numbers_and_symbols,0,4,11,636,283,653,302,128,5.053,2025,94.5,32.67,1.0,1.0,GOOD,NONE,C:\Projects\Transcriber\dataset\glyphs\numbers\4\4_012.png
4_013,4,4,numbers,media_1791224864875.jpg,numbers_and_symbols,0,4,12,696,285,713,303,128,5.333,2254,100.32,32.4,1.0,1.0,GOOD,NONE,C:\Projects\Transcriber\dataset\glyphs\numbers\4\4_013.png
4_014,4,4,numbers,media_1791224864875.jpg,numbers_and_symbols,0,4,13,747,286,766,304,128,5.053,2175,97.47,44.63,1.0,1.0,GOOD,NONE,C:\Projects\Transcriber\dataset\glyphs\numbers\4\4_014.png
5_001,5,5,numbers,media_1791224864875.jpg,numbers_and_symbols,0,5,0,26,340,42,361,128,4.571,1724,103.61,46.44,1.0,1.0,GOOD,NONE,C:\Projects\Transcriber\dataset\glyphs\numbers\5\5_001.png
5_002,5,5,numbers,media_1791224864875.jpg,numbers_and_symbols,0,5,1,67,341,89,360,128,4.364,1724,90.83,52.16,1.0,1.0,GOOD,NONE,C:\Projects\Transcriber\dataset\glyphs\numbers\5\5_002.png
5_003,5,5,numbers,media_1791224864875.jpg,numbers_and_symbols,0,5,2,131,343,149,361,128,5.333,2366,84.53,24.98,1.0,1.0,GOOD,NONE,C:\Projects\Transcriber\dataset\glyphs\numbers\5\5_003.png
5_004,5,5,numbers,media_1791224864875.jpg,numbers_and_symbols,0,5,3,176,340,196,359,128,4.8,1885,95.07,35.38,1.0,1.0,GOOD,NONE,C:\Projects\Transcriber\dataset\glyphs\numbers\5\5_004.png
5_005,5,5,numbers,media_1791224864875.jpg,numbers_and_symbols,0,5,4,242,338,266,356,128,4.0,1520,83.4,42.48,1.0,1.0,GOOD,NONE,C:\Projects\Transcriber\dataset\glyphs\numbers\5\5_005.png
5_006,5,5,numbers,media_1791224864875.jpg,numbers_and_symbols,0,5,5,294,339,314,357,128,4.8,1999,93.13,35.57,1.0,1.0,GOOD,NONE,C:\Projects\Transcriber\dataset\glyphs\numbers\5\5_006.png
5_007,5,5,numbers,media_1791224864875.jpg,numbers_and_symbols,0,5,6,354,340,374,357,128,4.8,1939,93.48,30.45,1.0,1.0,GOOD,NONE,C:\Projects\Transcriber\dataset\glyphs\numbers\5\5_007.png
5_008,5,5,numbers,media_1791224864875.jpg,numbers_and_symbols,0,5,7,411,339,431,356,128,4.8,1737,94.47,28.71,1.0,1.0,GOOD,NONE,C:\Projects\Transcriber\dataset\glyphs\numbers\5\5_008.png
5_009,5,5,numbers,media_1791224864875.jpg,numbers_and_symbols,0,5,8,462,339,482,356,128,4.8,1867,85.11,33.53,1.0,1.0,GOOD,NONE,C:\Projects\Transcriber\dataset\glyphs\numbers\5\5_009.png
5_010,5,5,numbers,media_1791224864875.jpg,numbers_and_symbols,0,5,9,530,339,548,357,128,5.333,2243,97.12,20.82,1.0,1.0,GOOD,NONE,C:\Projects\Transcriber\dataset\glyphs\numbers\5\5_010.png
5_011,5,5,numbers,media_1791224864875.jpg,numbers_and_symbols,0,5,10,575,339,596,356,128,4.571,1690,89.4,35.43,1.0,1.0,GOOD,NONE,C:\Projects\Transcriber\dataset\glyphs\numbers\5\5_011.png
5_012,5,5,numbers,media_1791224864875.jpg,numbers_and_symbols,0,5,11,638,341,657,357,128,5.053,2025,90.22,31.18,1.0,1.0,GOOD,NONE,C:\Projects\Transcriber\dataset\glyphs\numbers\5\5_012.png
5_013,5,5,numbers,media_1791224864875.jpg,numbers_and_symbols,0,5,12,691,339,714,355,128,4.174,1461,87.27,60.39,1.0,1.0,GOOD,NONE,C:\Projects\Transcriber\dataset\glyphs\numbers\5\5_013.png
5_014,5,5,numbers,media_1791224864875.jpg,numbers_and_symbols,0,5,13,744,338,763,352,128,5.053,1525,93.64,26.22,1.0,1.0,GOOD,NONE,C:\Projects\Transcriber\dataset\glyphs\numbers\5\5_014.png
6_001,6,6,numbers,media_1791224864875.jpg,numbers_and_symbols,0,6,0,25,388,37,411,128,4.174,1301,92.74,103.2,1.0,1.0,GOOD,NONE,C:\Projects\Transcriber\dataset\glyphs\numbers\6\6_001.png
6_002,6,6,numbers,media_1791224864875.jpg,numbers_and_symbols,0,6,1,75,388,89,411,128,4.174,1373,97.28,64.96,1.0,1.0,GOOD,NONE,C:\Projects\Transcriber\dataset\glyphs\numbers\6\6_002.png
6_003,6,6,numbers,media_1791224864875.jpg,numbers_and_symbols,0,6,2,120,389,132,411,128,4.364,1324,103.94,74.75,1.0,1.0,GOOD,NONE,C:\Projects\Transcriber\dataset\glyphs\numbers\6\6_003.png
6_004,6,6,numbers,media_1791224864875.jpg,numbers_and_symbols,0,6,3,172,389,185,411,128,4.364,1464,91.26,74.95,1.0,1.0,GOOD,NONE,C:\Projects\Transcriber\dataset\glyphs\numbers\6\6_004.png
6_005,6,6,numbers,media_1791224864875.jpg,numbers_and_symbols,0,6,4,240,390,252,411,128,4.571,1500,91.12,72.08,1.0,1.0,GOOD,NONE,C:\Projects\Transcriber\dataset\glyphs\numbers\6\6_005.png
6_006,6,6,numbers,media_1791224864875.jpg,numbers_and_symbols,0,6,5,294,390,308,413,128,4.174,1373,82.86,68.26,1.0,1.0,GOOD,NONE,C:\Projects\Transcriber\dataset\glyphs\numbers\6\6_006.png
6_007,6,6,numbers,media_1791224864875.jpg,numbers_and_symbols,0,6,6,346,389,361,412,128,4.174,1602,81.0,64.4,1.0,1.0,GOOD,NONE,C:\Projects\Transcriber\dataset\glyphs\numbers\6\6_007.png
6_008,6,6,numbers,media_1791224864875.jpg,numbers_and_symbols,0,6,7,408,390,422,410,128,4.8,1748,77.53,49.47,1.0,1.0,GOOD,NONE,C:\Projects\Transcriber\dataset\glyphs\numbers\6\6_008.png
6_009,6,6,numbers,media_1791224864875.jpg,numbers_and_symbols,0,6,8,464,388,477,410,128,4.364,1300,85.44,48.24,1.0,1.0,GOOD,NONE,C:\Projects\Transcriber\dataset\glyphs\numbers\6\6_009.png
6_010,6,6,numbers,media_1791224864875.jpg,numbers_and_symbols,0,6,9,520,388,533,410,128,4.364,1472,82.96,59.55,1.0,1.0,GOOD,NONE,C:\Projects\Transcriber\dataset\glyphs\numbers\6\6_010.png
6_011,6,6,numbers,media_1791224864875.jpg,numbers_and_symbols,0,6,10,574,388,588,409,128,4.571,1532,83.48,48.6,1.0,1.0,GOOD,NONE,C:\Projects\Transcriber\dataset\glyphs\numbers\6\6_011.png
6_012,6,6,numbers,media_1791224864875.jpg,numbers_and_symbols,0,6,11,634,390,649,410,128,4.8,1794,86.87,40.93,1.0,1.0,GOOD,NONE,C:\Projects\Transcriber\dataset\glyphs\numbers\6\6_012.png
6_013,6,6,numbers,media_1791224864875.jpg,numbers_and_symbols,0,6,12,696,388,710,408,128,4.8,1815,95.8,61.38,1.0,1.0,GOOD,NONE,C:\Projects\Transcriber\dataset\glyphs\numbers\6\6_013.png
6_014,6,6,numbers,media_1791224864875.jpg,numbers_and_symbols,0,6,13,749,390,764,411,128,4.571,1628,96.59,54.53,1.0,1.0,GOOD,NONE,C:\Projects\Transcriber\dataset\glyphs\numbers\6\6_014.png
7_001,7,7,numbers,media_1791224864875.jpg,numbers_and_symbols,0,7,0,22,442,39,464,128,4.364,1545,95.36,37.6,1.0,1.0,GOOD,NONE,C:\Projects\Transcriber\dataset\glyphs\numbers\7\7_001.png
7_002,7,7,numbers,media_1791224864875.jpg,numbers_and_symbols,0,7,1,76,445,91,463,128,5.333,2100,91.44,33.02,1.0,1.0,GOOD,NONE,C:\Projects\Transcriber\dataset\glyphs\numbers\7\7_002.png
7_003,7,7,numbers,media_1791224864875.jpg,numbers_and_symbols,0,7,2,123,443,139,462,128,5.053,1600,85.23,30.72,1.0,1.0,GOOD,NONE,C:\Projects\Transcriber\dataset\glyphs\numbers\7\7_003.png
7_004,7,7,numbers,media_1791224864875.jpg,numbers_and_symbols,0,7,3,178,441,194,461,128,4.8,1882,86.46,43.36,1.0,1.0,GOOD,NONE,C:\Projects\Transcriber\dataset\glyphs\numbers\7\7_004.png
7_005,7,7,numbers,media_1791224864875.jpg,numbers_and_symbols,0,7,4,237,439,253,461,128,4.364,1523,85.98,35.23,1.0,1.0,GOOD,NONE,C:\Projects\Transcriber\dataset\glyphs\numbers\7\7_005.png
7_006,7,7,numbers,media_1791224864875.jpg,numbers_and_symbols,0,7,5,297,441,312,463,128,4.364,1661,85.41,64.07,1.0,1.0,GOOD,NONE,C:\Projects\Transcriber\dataset\glyphs\numbers\7\7_006.png
7_007,7,7,numbers,media_1791224864875.jpg,numbers_and_symbols,0,7,6,351,442,367,461,128,5.053,1925,85.82,30.69,1.0,1.0,GOOD,NONE,C:\Projects\Transcriber\dataset\glyphs\numbers\7\7_007.png
7_008,7,7,numbers,media_1791224864875.jpg,numbers_and_symbols,0,7,7,409,439,426,459,128,4.8,1894,79.86,30.65,1.0,1.0,GOOD,NONE,C:\Projects\Transcriber\dataset\glyphs\numbers\7\7_008.png
7_009,7,7,numbers,media_1791224864875.jpg,numbers_and_symbols,0,7,8,458,440,477,460,128,4.8,2000,73.03,23.71,1.0,1.0,GOOD,NONE,C:\Projects\Transcriber\dataset\glyphs\numbers\7\7_009.png
7_010,7,7,numbers,media_1791224864875.jpg,numbers_and_symbols,0,7,9,516,440,533,459,128,5.053,2100,79.44,24.53,1.0,1.0,GOOD,NONE,C:\Projects\Transcriber\dataset\glyphs\numbers\7\7_010.png
7_011,7,7,numbers,media_1791224864875.jpg,numbers_and_symbols,0,7,10,573,440,590,460,128,4.8,1874,79.72,29.93,1.0,1.0,GOOD,NONE,C:\Projects\Transcriber\dataset\glyphs\numbers\7\7_011.png
7_012,7,7,numbers,media_1791224864875.jpg,numbers_and_symbols,0,7,11,631,441,649,458,128,5.333,2224,87.59,25.69,1.0,1.0,GOOD,NONE,C:\Projects\Transcriber\dataset\glyphs\numbers\7\7_012.png
7_013,7,7,numbers,media_1791224864875.jpg,numbers_and_symbols,0,7,12,682,441,701,460,128,5.053,1925,92.25,24.89,1.0,1.0,GOOD,NONE,C:\Projects\Transcriber\dataset\glyphs\numbers\7\7_013.png
7_014,7,7,numbers,media_1791224864875.jpg,numbers_and_symbols,0,7,13,734,439,752,459,128,4.8,1996,115.58,30.09,1.0,1.0,GOOD,NONE,C:\Projects\Transcriber\dataset\glyphs\numbers\7\7_014.png
8_001,8,8,numbers,media_1791224864875.jpg,numbers_and_symbols,0,8,0,27,493,42,511,128,5.333,2175,107.01,40.35,1.0,1.0,GOOD,NONE,C:\Projects\Transcriber\dataset\glyphs\numbers\8\8_001.png
8_002,8,8,numbers,media_1791224864875.jpg,numbers_and_symbols,0,8,1,78,492,91,512,128,4.8,1770,95.14,54.49,1.0,1.0,GOOD,NONE,C:\Projects\Transcriber\dataset\glyphs\numbers\8\8_002.png
8_003,8,8,numbers,media_1791224864875.jpg,numbers_and_symbols,0,8,2,128,493,141,512,128,5.053,1750,98.64,35.03,1.0,1.0,GOOD,NONE,C:\Projects\Transcriber\dataset\glyphs\numbers\8\8_003.png
8_004,8,8,numbers,media_1791224864875.jpg,numbers_and_symbols,0,8,3,183,492,196,511,128,5.053,1775,100.25,47.45,1.0,1.0,GOOD,NONE,C:\Projects\Transcriber\dataset\glyphs\numbers\8\8_004.png
8_005,8,8,numbers,media_1791224864875.jpg,numbers_and_symbols,0,8,4,237,491,251,510,128,5.053,1900,90.08,34.06,1.0,1.0,GOOD,NONE,C:\Projects\Transcriber\dataset\glyphs\numbers\8\8_005.png
8_006,8,8,numbers,media_1791224864875.jpg,numbers_and_symbols,0,8,5,298,492,311,510,128,5.333,1999,80.1,25.79,1.0,1.0,GOOD,NONE,C:\Projects\Transcriber\dataset\glyphs\numbers\8\8_006.png
8_007,8,8,numbers,media_1791224864875.jpg,numbers_and_symbols,0,8,6,351,491,365,511,128,4.8,1652,88.29,38.4,1.0,1.0,GOOD,NONE,C:\Projects\Transcriber\dataset\glyphs\numbers\8\8_007.png
8_008,8,8,numbers,media_1791224864875.jpg,numbers_and_symbols,0,8,7,401,489,416,509,128,4.8,1878,76.98,30.42,1.0,1.0,GOOD,NONE,C:\Projects\Transcriber\dataset\glyphs\numbers\8\8_008.png
8_009,8,8,numbers,media_1791224864875.jpg,numbers_and_symbols,0,8,8,465,489,481,510,128,4.571,1669,76.8,34.13,1.0,1.0,GOOD,NONE,C:\Projects\Transcriber\dataset\glyphs\numbers\8\8_009.png
8_010,8,8,numbers,media_1791224864875.jpg,numbers_and_symbols,0,8,9,520,489,533,507,128,5.333,1808,85.58,25.31,1.0,1.0,GOOD,NONE,C:\Projects\Transcriber\dataset\glyphs\numbers\8\8_010.png
8_011,8,8,numbers,media_1791224864875.jpg,numbers_and_symbols,0,8,10,580,489,597,509,128,4.8,1833,80.4,28.96,1.0,1.0,GOOD,NONE,C:\Projects\Transcriber\dataset\glyphs\numbers\8\8_011.png
8_012,8,8,numbers,media_1791224864875.jpg,numbers_and_symbols,0,8,11,638,491,659,510,128,4.571,1896,99.25,38.33,1.0,1.0,GOOD,NONE,C:\Projects\Transcriber\dataset\glyphs\numbers\8\8_012.png
8_013,8,8,numbers,media_1791224864875.jpg,numbers_and_symbols,0,8,12,688,494,704,514,128,4.8,1838,83.86,33.39,1.0,1.0,GOOD,NONE,C:\Projects\Transcriber\dataset\glyphs\numbers\8\8_013.png
8_014,8,8,numbers,media_1791224864875.jpg,numbers_and_symbols,0,8,13,744,495,759,513,128,5.333,1848,90.94,29.12,1.0,1.0,GOOD,NONE,C:\Projects\Transcriber\dataset\glyphs\numbers\8\8_014.png
9_001,9,9,numbers,media_1791224864875.jpg,numbers_and_symbols,0,9,0,29,544,45,563,128,5.053,2125,113.14,41.14,1.0,1.0,GOOD,NONE,C:\Projects\Transcriber\dataset\glyphs\numbers\9\9_001.png
9_002,9,9,numbers,media_1791224864875.jpg,numbers_and_symbols,0,9,1,77,543,92,564,128,4.571,1742,95.12,46.59,1.0,1.0,GOOD,NONE,C:\Projects\Transcriber\dataset\glyphs\numbers\9\9_002.png
9_003,9,9,numbers,media_1791224864875.jpg,numbers_and_symbols,0,9,2,128,544,142,565,128,4.571,1576,96.4,57.61,1.0,1.0,GOOD,NONE,C:\Projects\Transcriber\dataset\glyphs\numbers\9\9_003.png
9_004,9,9,numbers,media_1791224864875.jpg,numbers_and_symbols,0,9,3,177,543,193,565,128,4.364,1651,89.5,54.48,1.0,1.0,GOOD,NONE,C:\Projects\Transcriber\dataset\glyphs\numbers\9\9_004.png
9_005,9,9,numbers,media_1791224864875.jpg,numbers_and_symbols,0,9,4,231,543,246,562,128,5.053,1800,92.97,31.35,1.0,1.0,GOOD,NONE,C:\Projects\Transcriber\dataset\glyphs\numbers\9\9_005.png
9_006,9,9,numbers,media_1791224864875.jpg,numbers_and_symbols,0,9,5,289,543,305,565,128,4.364,1513,87.92,47.84,1.0,1.0,GOOD,NONE,C:\Projects\Transcriber\dataset\glyphs\numbers\9\9_006.png
9_007,9,9,numbers,media_1791224864875.jpg,numbers_and_symbols,0,9,6,352,544,366,566,128,4.364,1413,84.63,38.67,1.0,1.0,GOOD,NONE,C:\Projects\Transcriber\dataset\glyphs\numbers\9\9_007.png
9_008,9,9,numbers,media_1791224864875.jpg,numbers_and_symbols,0,9,7,407,544,425,568,128,4.0,1440,74.74,38.46,1.0,1.0,GOOD,NONE,C:\Projects\Transcriber\dataset\glyphs\numbers\9\9_008.png
9_009,9,9,numbers,media_1791224864875.jpg,numbers_and_symbols,0,9,8,465,544,481,567,128,4.174,1545,81.51,43.31,1.0,1.0,GOOD,NONE,C:\Projects\Transcriber\dataset\glyphs\numbers\9\9_009.png
9_010,9,9,numbers,media_1791224864875.jpg,numbers_and_symbols,0,9,9,525,544,542,566,128,4.364,1766,76.63,35.16,1.0,1.0,GOOD,NONE,C:\Projects\Transcriber\dataset\glyphs\numbers\9\9_010.png
9_011,9,9,numbers,media_1791224864875.jpg,numbers_and_symbols,0,9,10,578,545,595,568,128,4.174,1715,77.02,50.43,1.0,1.0,GOOD,NONE,C:\Projects\Transcriber\dataset\glyphs\numbers\9\9_011.png
9_012,9,9,numbers,media_1791224864875.jpg,numbers_and_symbols,0,9,11,628,546,646,568,128,4.364,1718,76.98,48.33,1.0,1.0,GOOD,NONE,C:\Projects\Transcriber\dataset\glyphs\numbers\9\9_012.png
9_013,9,9,numbers,media_1791224864875.jpg,numbers_and_symbols,0,9,12,695,546,710,569,128,4.174,1320,87.93,53.18,1.0,1.0,GOOD,NONE,C:\Projects\Transcriber\dataset\glyphs\numbers\9\9_013.png
9_014,9,9,numbers,media_1791224864875.jpg,numbers_and_symbols,0,9,13,749,548,765,572,128,4.0,1584,94.6,80.64,1.0,1.0,GOOD,NONE,C:\Projects\Transcriber\dataset\glyphs\numbers\9\9_014.png
period_001,period,.,punctuation,media_1791224864875.jpg,numbers_and_symbols,1,0,0,28,677,36,686,128,10.667,1906,102.71,6.62,1.0,1.0,GOOD,NONE,C:\Projects\Transcriber\dataset\glyphs\punctuation\period\period_001.png
period_002,period,.,punctuation,media_1791224864875.jpg,numbers_and_symbols,1,0,1,80,678,88,686,128,12.0,2016,80.03,4.7,1.0,1.0,GOOD,NONE,C:\Projects\Transcriber\dataset\glyphs\punctuation\period\period_002.png
period_003,period,.,punctuation,media_1791224864875.jpg,numbers_and_symbols,1,0,2,125,677,134,686,128,10.667,1707,96.07,6.07,1.0,1.0,GOOD,NONE,C:\Projects\Transcriber\dataset\glyphs\punctuation\period\period_003.png
period_004,period,.,punctuation,media_1791224864875.jpg,numbers_and_symbols,1,0,3,182,679,192,686,128,9.6,1353,100.77,21.19,1.0,1.0,GOOD,NONE,C:\Projects\Transcriber\dataset\glyphs\punctuation\period\period_004.png
period_005,period,.,punctuation,media_1791224864875.jpg,numbers_and_symbols,1,0,4,237,679,245,687,128,12.0,1872,83.11,3.97,1.0,1.0,GOOD,NONE,C:\Projects\Transcriber\dataset\glyphs\punctuation\period\period_005.png
period_006,period,.,punctuation,media_1791224864875.jpg,numbers_and_symbols,1,0,5,293,678,301,686,128,12.0,1728,73.56,3.8,1.0,1.0,GOOD,NONE,C:\Projects\Transcriber\dataset\glyphs\punctuation\period\period_006.png
period_007,period,.,punctuation,media_1791224864875.jpg,numbers_and_symbols,1,0,6,353,679,361,688,128,10.667,1585,72.19,5.79,1.0,1.0,GOOD,NONE,C:\Projects\Transcriber\dataset\glyphs\punctuation\period\period_007.png
period_008,period,.,punctuation,media_1791224864875.jpg,numbers_and_symbols,1,0,7,403,681,412,689,128,10.667,1576,74.29,4.32,1.0,1.0,GOOD,NONE,C:\Projects\Transcriber\dataset\glyphs\punctuation\period\period_008.png
period_009,period,.,punctuation,media_1791224864875.jpg,numbers_and_symbols,1,0,8,456,683,464,691,128,12.0,1872,78.47,4.28,1.0,1.0,GOOD,NONE,C:\Projects\Transcriber\dataset\glyphs\punctuation\period\period_009.png
period_010,period,.,punctuation,media_1791224864875.jpg,numbers_and_symbols,1,0,9,518,684,529,692,128,8.727,1514,86.79,7.03,1.0,1.0,GOOD,NONE,C:\Projects\Transcriber\dataset\glyphs\punctuation\period\period_010.png
period_011,period,.,punctuation,media_1791224864875.jpg,numbers_and_symbols,1,0,10,566,685,574,693,128,12.0,1872,73.04,4.69,1.0,1.0,GOOD,NONE,C:\Projects\Transcriber\dataset\glyphs\punctuation\period\period_011.png
period_012,period,.,punctuation,media_1791224864875.jpg,numbers_and_symbols,1,0,11,632,688,642,696,128,9.6,1572,84.68,6.81,1.0,1.0,GOOD,NONE,C:\Projects\Transcriber\dataset\glyphs\punctuation\period\period_012.png
period_013,period,.,punctuation,media_1791224864875.jpg,numbers_and_symbols,1,0,12,691,689,699,697,128,12.0,1872,71.17,4.55,1.0,1.0,GOOD,NONE,C:\Projects\Transcriber\dataset\glyphs\punctuation\period\period_013.png
period_014,period,.,punctuation,media_1791224864875.jpg,numbers_and_symbols,1,0,13,750,689,760,697,128,9.6,1572,99.65,10.51,1.0,1.0,GOOD,NONE,C:\Projects\Transcriber\dataset\glyphs\punctuation\period\period_014.png
comma_001,comma,",",punctuation,media_1791224864875.jpg,numbers_and_symbols,1,1,0,27,733,36,744,128,8.727,1739,96.46,9.92,1.0,1.0,GOOD,NONE,C:\Projects\Transcriber\dataset\glyphs\punctuation\comma\comma_001.png
comma_002,comma,",",punctuation,media_1791224864875.jpg,numbers_and_symbols,1,1,1,77,733,86,745,128,8.0,1664,90.66,12.96,1.0,1.0,GOOD,NONE,C:\Projects\Transcriber\dataset\glyphs\punctuation\comma\comma_002.png
comma_003,comma,",",punctuation,media_1791224864875.jpg,numbers_and_symbols,1,1,2,126,729,135,743,128,6.857,1407,87.7,16.02,1.0,1.0,GOOD,NONE,C:\Projects\Transcriber\dataset\glyphs\punctuation\comma\comma_003.png
comma_004,comma,",",punctuation,media_1791224864875.jpg,numbers_and_symbols,1,1,3,178,726,187,739,128,7.385,1410,96.81,16.38,1.0,1.0,GOOD,NONE,C:\Projects\Transcriber\dataset\glyphs\punctuation\comma\comma_004.png
comma_005,comma,",",punctuation,media_1791224864875.jpg,numbers_and_symbols,1,1,4,232,725,242,737,128,8.0,1472,88.89,9.97,1.0,1.0,GOOD,NONE,C:\Projects\Transcriber\dataset\glyphs\punctuation\comma\comma_005.png
comma_006,comma,",",punctuation,media_1791224864875.jpg,numbers_and_symbols,1,1,5,294,726,303,737,128,8.727,1739,100.62,13.95,1.0,1.0,GOOD,NONE,C:\Projects\Transcriber\dataset\glyphs\punctuation\comma\comma_006.png
comma_007,comma,",",punctuation,media_1791224864875.jpg,numbers_and_symbols,1,1,6,349,725,359,737,128,8.0,1728,89.61,9.54,1.0,1.0,GOOD,NONE,C:\Projects\Transcriber\dataset\glyphs\punctuation\comma\comma_007.png
comma_008,comma,",",punctuation,media_1791224864875.jpg,numbers_and_symbols,1,1,7,405,726,415,740,128,6.857,1743,85.5,11.45,1.0,1.0,GOOD,NONE,C:\Projects\Transcriber\dataset\glyphs\punctuation\comma\comma_008.png
comma_009,comma,",",punctuation,media_1791224864875.jpg,numbers_and_symbols,1,1,8,464,727,474,740,128,7.385,1629,86.38,9.51,1.0,1.0,GOOD,NONE,C:\Projects\Transcriber\dataset\glyphs\punctuation\comma\comma_009.png
comma_010,comma,",",punctuation,media_1791224864875.jpg,numbers_and_symbols,1,1,9,511,728,521,739,128,8.727,1658,91.96,6.27,1.0,1.0,GOOD,NONE,C:\Projects\Transcriber\dataset\glyphs\punctuation\comma\comma_010.png
comma_011,comma,",",punctuation,media_1791224864875.jpg,numbers_and_symbols,1,1,10,572,728,582,741,128,7.385,1636,102.44,13.57,1.0,1.0,GOOD,NONE,C:\Projects\Transcriber\dataset\glyphs\punctuation\comma\comma_011.png
comma_012,comma,",",punctuation,media_1791224864875.jpg,numbers_and_symbols,1,1,11,636,731,645,742,128,8.727,2126,102.33,15.5,1.0,1.0,GOOD,NONE,C:\Projects\Transcriber\dataset\glyphs\punctuation\comma\comma_012.png
comma_013,comma,",",punctuation,media_1791224864875.jpg,numbers_and_symbols,1,1,12,695,733,707,745,128,8.0,2240,108.5,9.87,1.0,1.0,GOOD,NONE,C:\Projects\Transcriber\dataset\glyphs\punctuation\comma\comma_013.png
comma_014,comma,",",punctuation,media_1791224864875.jpg,numbers_and_symbols,1,1,13,747,735,757,745,128,9.6,2285,105.6,4.64,1.0,1.0,GOOD,NONE,C:\Projects\Transcriber\dataset\glyphs\punctuation\comma\comma_014.png
colon_001,colon,:,punctuation,media_1791224864875.jpg,numbers_and_symbols,1,2,0,28,768,39,800,128,3.0,387,77.69,67.21,1.0,1.0,GOOD,NONE,C:\Projects\Transcriber\dataset\glyphs\punctuation\colon\colon_001.png
colon_002,colon,:,punctuation,media_1791224864875.jpg,numbers_and_symbols,1,2,1,79,765,88,790,128,3.84,444,91.13,48.21,1.0,1.0,GOOD,NONE,C:\Projects\Transcriber\dataset\glyphs\punctuation\colon\colon_002.png
colon_003,colon,:,punctuation,media_1791224864875.jpg,numbers_and_symbols,1,2,2,131,764,140,790,128,3.692,384,81.99,45.47,1.0,1.0,GOOD,NONE,C:\Projects\Transcriber\dataset\glyphs\punctuation\colon\colon_003.png
colon_004,colon,:,punctuation,media_1791224864875.jpg,numbers_and_symbols,1,2,3,182,763,191,788,128,3.84,480,88.41,43.66,1.0,1.0,GOOD,NONE,C:\Projects\Transcriber\dataset\glyphs\punctuation\colon\colon_004.png
colon_005,colon,:,punctuation,media_1791224864875.jpg,numbers_and_symbols,1,2,4,237,761,245,787,128,3.692,354,77.31,54.96,1.0,1.0,GOOD,NONE,C:\Projects\Transcriber\dataset\glyphs\punctuation\colon\colon_005.png
colon_006,colon,:,punctuation,media_1791224864875.jpg,numbers_and_symbols,1,2,5,296,763,304,787,128,4.0,432,85.72,55.76,1.0,1.0,GOOD,NONE,C:\Projects\Transcriber\dataset\glyphs\punctuation\colon\colon_006.png
colon_007,colon,:,punctuation,media_1791224864875.jpg,numbers_and_symbols,1,2,6,353,764,364,788,128,4.0,528,85.37,24.55,1.0,1.0,GOOD,NONE,C:\Projects\Transcriber\dataset\glyphs\punctuation\colon\colon_007.png
colon_008,colon,:,punctuation,media_1791224864875.jpg,numbers_and_symbols,1,2,7,409,765,420,792,128,3.556,416,85.7,37.19,1.0,1.0,GOOD,NONE,C:\Projects\Transcriber\dataset\glyphs\punctuation\colon\colon_008.png
colon_009,colon,:,punctuation,media_1791224864875.jpg,numbers_and_symbols,1,2,8,462,764,471,793,128,3.31,297,82.03,49.95,1.0,1.0,GOOD,NONE,C:\Projects\Transcriber\dataset\glyphs\punctuation\colon\colon_009.png
colon_010,colon,:,punctuation,media_1791224864875.jpg,numbers_and_symbols,1,2,9,519,766,529,793,128,3.556,414,85.61,55.3,1.0,1.0,GOOD,NONE,C:\Projects\Transcriber\dataset\glyphs\punctuation\colon\colon_010.png
colon_011,colon,:,punctuation,media_1791224864875.jpg,numbers_and_symbols,1,2,10,573,768,585,793,128,3.84,484,86.24,31.83,1.0,1.0,GOOD,NONE,C:\Projects\Transcriber\dataset\glyphs\punctuation\colon\colon_011.png
colon_012,colon,:,punctuation,media_1791224864875.jpg,numbers_and_symbols,1,2,11,634,769,645,798,128,3.31,415,108.74,69.51,1.0,1.0,GOOD,NONE,C:\Projects\Transcriber\dataset\glyphs\punctuation\colon\colon_012.png
colon_013,colon,:,punctuation,media_1791224864875.jpg,numbers_and_symbols,1,2,12,689,771,701,798,128,3.556,424,109.83,42.78,1.0,1.0,GOOD,NONE,C:\Projects\Transcriber\dataset\glyphs\punctuation\colon\colon_013.png
colon_014,colon,:,punctuation,media_1791224864875.jpg,numbers_and_symbols,1,2,13,752,772,762,798,128,3.692,513,102.7,46.56,1.0,1.0,GOOD,NONE,C:\Projects\Transcriber\dataset\glyphs\punctuation\colon\colon_014.png
parentheses_001,parentheses,(),punctuation,media_1791224864875.jpg,numbers_and_symbols,1,3,0,24,816,51,839,128,3.556,1441,97.04,78.34,1.0,1.0,GOOD,NONE,C:\Projects\Transcriber\dataset\glyphs\punctuation\parentheses\parentheses_001.png
parentheses_002,parentheses,(),punctuation,media_1791224864875.jpg,numbers_and_symbols,1,3,1,73,818,98,839,128,3.84,1613,91.01,61.01,1.0,1.0,GOOD,NONE,C:\Projects\Transcriber\dataset\glyphs\punctuation\parentheses\parentheses_002.png
parentheses_003,parentheses,(),punctuation,media_1791224864875.jpg,numbers_and_symbols,1,3,2,118,818,141,839,128,4.174,1684,85.62,50.31,1.0,1.0,GOOD,NONE,C:\Projects\Transcriber\dataset\glyphs\punctuation\parentheses\parentheses_003.png
parentheses_004,parentheses,(),punctuation,media_1791224864875.jpg,numbers_and_symbols,1,3,3,176,819,198,838,128,4.364,1532,89.68,49.89,1.0,1.0,GOOD,NONE,C:\Projects\Transcriber\dataset\glyphs\punctuation\parentheses\parentheses_004.png
parentheses_005,parentheses,(),punctuation,media_1791224864875.jpg,numbers_and_symbols,1,3,4,232,817,253,837,128,4.571,1737,95.53,53.85,1.0,1.0,GOOD,NONE,C:\Projects\Transcriber\dataset\glyphs\punctuation\parentheses\parentheses_005.png
parentheses_006,parentheses,(),punctuation,media_1791224864875.jpg,numbers_and_symbols,1,3,5,286,820,307,841,128,4.571,1937,79.78,38.43,1.0,1.0,GOOD,NONE,C:\Projects\Transcriber\dataset\glyphs\punctuation\parentheses\parentheses_006.png
parentheses_007,parentheses,(),punctuation,media_1791224864875.jpg,numbers_and_symbols,1,3,6,347,819,371,841,128,4.0,1584,88.11,50.19,1.0,1.0,GOOD,NONE,C:\Projects\Transcriber\dataset\glyphs\punctuation\parentheses\parentheses_007.png
parentheses_008,parentheses,(),punctuation,media_1791224864875.jpg,numbers_and_symbols,1,3,7,404,820,425,841,128,4.571,2066,88.87,38.32,1.0,1.0,GOOD,NONE,C:\Projects\Transcriber\dataset\glyphs\punctuation\parentheses\parentheses_008.png
parentheses_009,parentheses,(),punctuation,media_1791224864875.jpg,numbers_and_symbols,1,3,8,457,823,479,845,128,4.364,1915,83.5,41.65,1.0,1.0,GOOD,NONE,C:\Projects\Transcriber\dataset\glyphs\punctuation\parentheses\parentheses_009.png
parentheses_010,parentheses,(),punctuation,media_1791224864875.jpg,numbers_and_symbols,1,3,9,513,824,536,844,128,4.174,1647,88.3,49.53,1.0,1.0,GOOD,NONE,C:\Projects\Transcriber\dataset\glyphs\punctuation\parentheses\parentheses_010.png
parentheses_011,parentheses,(),punctuation,media_1791224864875.jpg,numbers_and_symbols,1,3,10,570,822,592,843,128,4.364,1800,81.2,43.49,1.0,1.0,GOOD,NONE,C:\Projects\Transcriber\dataset\glyphs\punctuation\parentheses\parentheses_011.png
parentheses_012,parentheses,(),punctuation,media_1791224864875.jpg,numbers_and_symbols,1,3,11,623,824,645,845,128,4.364,1675,95.44,40.36,1.0,1.0,GOOD,NONE,C:\Projects\Transcriber\dataset\glyphs\punctuation\parentheses\parentheses_012.png
parentheses_013,parentheses,(),punctuation,media_1791224864875.jpg,numbers_and_symbols,1,3,12,689,827,710,847,128,4.571,1736,91.47,46.4,1.0,1.0,GOOD,NONE,C:\Projects\Transcriber\dataset\glyphs\punctuation\parentheses\parentheses_013.png
parentheses_014,parentheses,(),punctuation,media_1791224864875.jpg,numbers_and_symbols,1,3,13,748,833,773,854,128,3.84,1468,85.17,55.44,1.0,1.0,GOOD,NONE,C:\Projects\Transcriber\dataset\glyphs\punctuation\parentheses\parentheses_014.png
braces_001,braces,{},punctuation,media_1791224864875.jpg,numbers_and_symbols,1,4,0,18,872,45,901,128,3.31,1997,104.06,106.85,1.0,1.0,GOOD,NONE,C:\Projects\Transcriber\dataset\glyphs\punctuation\braces\braces_001.png
braces_002,braces,{},punctuation,media_1791224864875.jpg,numbers_and_symbols,1,4,1,71,869,97,896,128,3.556,1925,108.26,97.5,1.0,1.0,GOOD,NONE,C:\Projects\Transcriber\dataset\glyphs\punctuation\braces\braces_002.png
braces_003,braces,{},punctuation,media_1791224864875.jpg,numbers_and_symbols,1,4,2,120,869,149,895,128,3.31,1776,101.68,128.71,1.0,1.0,GOOD,NONE,C:\Projects\Transcriber\dataset\glyphs\punctuation\braces\braces_003.png
braces_004,braces,{},punctuation,media_1791224864875.jpg,numbers_and_symbols,1,4,3,175,867,204,894,128,3.31,1877,97.8,130.03,1.0,1.0,GOOD,NONE,C:\Projects\Transcriber\dataset\glyphs\punctuation\braces\braces_004.png
braces_005,braces,{},punctuation,media_1791224864875.jpg,numbers_and_symbols,1,4,4,229,867,262,893,128,2.909,1485,103.74,168.06,1.0,1.0,GOOD,NONE,C:\Projects\Transcriber\dataset\glyphs\punctuation\braces\braces_005.png
braces_006,braces,{},punctuation,media_1791224864875.jpg,numbers_and_symbols,1,4,5,284,869,313,895,128,3.31,1807,96.89,123.22,1.0,1.0,GOOD,NONE,C:\Projects\Transcriber\dataset\glyphs\punctuation\braces\braces_006.png
braces_007,braces,{},punctuation,media_1791224864875.jpg,numbers_and_symbols,1,4,6,342,870,374,896,128,3.0,1485,95.52,134.07,1.0,1.0,GOOD,NONE,C:\Projects\Transcriber\dataset\glyphs\punctuation\braces\braces_007.png
braces_008,braces,{},punctuation,media_1791224864875.jpg,numbers_and_symbols,1,4,7,402,872,428,898,128,3.692,2126,102.1,88.15,1.0,1.0,GOOD,NONE,C:\Projects\Transcriber\dataset\glyphs\punctuation\braces\braces_008.png
braces_009,braces,{},punctuation,media_1791224864875.jpg,numbers_and_symbols,1,4,8,449,872,482,898,128,2.909,1389,94.58,156.42,1.0,1.0,GOOD,NONE,C:\Projects\Transcriber\dataset\glyphs\punctuation\braces\braces_009.png
braces_010,braces,{},punctuation,media_1791224864875.jpg,numbers_and_symbols,1,4,9,508,872,540,898,128,3.0,1449,106.01,163.9,1.0,1.0,GOOD,NONE,C:\Projects\Transcriber\dataset\glyphs\punctuation\braces\braces_010.png
braces_011,braces,{},punctuation,media_1791224864875.jpg,numbers_and_symbols,1,4,10,567,873,597,898,128,3.2,1614,97.64,128.33,1.0,1.0,GOOD,NONE,C:\Projects\Transcriber\dataset\glyphs\punctuation\braces\braces_011.png
braces_012,braces,{},punctuation,media_1791224864875.jpg,numbers_and_symbols,1,4,11,620,874,651,899,128,3.097,1602,102.51,147.0,1.0,1.0,GOOD,NONE,C:\Projects\Transcriber\dataset\glyphs\punctuation\braces\braces_012.png
braces_013,braces,{},punctuation,media_1791224864875.jpg,numbers_and_symbols,1,4,12,680,874,716,902,128,2.667,1265,101.98,177.03,1.0,1.0,GOOD,NONE,C:\Projects\Transcriber\dataset\glyphs\punctuation\braces\braces_013.png
braces_014,braces,{},punctuation,media_1791224864875.jpg,numbers_and_symbols,1,4,13,743,880,773,908,128,3.2,1787,90.65,92.33,1.0,1.0,GOOD,NONE,C:\Projects\Transcriber\dataset\glyphs\punctuation\braces\braces_014.png
brackets_001,brackets,[],punctuation,media_1791224864875.jpg,numbers_and_symbols,1,5,0,20,929,52,951,128,3.0,1512,83.64,88.33,1.0,1.0,GOOD,NONE,C:\Projects\Transcriber\dataset\glyphs\punctuation\brackets\brackets_001.png
brackets_002,brackets,[],punctuation,media_1791224864875.jpg,numbers_and_symbols,1,5,1,69,926,102,947,128,2.909,1389,85.95,131.41,1.0,1.0,GOOD,NONE,C:\Projects\Transcriber\dataset\glyphs\punctuation\brackets\brackets_002.png
brackets_003,brackets,[],punctuation,media_1791224864875.jpg,numbers_and_symbols,1,5,2,118,926,153,948,128,2.743,1325,82.54,166.37,1.0,1.0,GOOD,NONE,C:\Projects\Transcriber\dataset\glyphs\punctuation\brackets\brackets_003.png
brackets_004,brackets,[],punctuation,media_1791224864875.jpg,numbers_and_symbols,1,5,3,167,925,203,947,128,2.667,1212,87.7,172.8,1.0,1.0,GOOD,NONE,C:\Projects\Transcriber\dataset\glyphs\punctuation\brackets\brackets_004.png
brackets_005,brackets,[],punctuation,media_1791224864875.jpg,numbers_and_symbols,1,5,4,225,924,265,945,128,2.4,930,84.5,258.02,1.0,1.0,GOOD,NONE,C:\Projects\Transcriber\dataset\glyphs\punctuation\brackets\brackets_005.png
brackets_006,brackets,[],punctuation,media_1791224864875.jpg,numbers_and_symbols,1,5,5,284,926,321,946,128,2.595,1129,84.81,255.22,1.0,1.0,GOOD,NONE,C:\Projects\Transcriber\dataset\glyphs\punctuation\brackets\brackets_006.png
brackets_007,brackets,[],punctuation,media_1791224864875.jpg,numbers_and_symbols,1,5,6,338,927,378,947,128,2.4,957,88.72,298.5,1.0,1.0,GOOD,NONE,C:\Projects\Transcriber\dataset\glyphs\punctuation\brackets\brackets_007.png
brackets_008,brackets,[],punctuation,media_1791224864875.jpg,numbers_and_symbols,1,5,7,398,931,433,951,128,2.743,1129,85.27,203.26,1.0,1.0,GOOD,NONE,C:\Projects\Transcriber\dataset\glyphs\punctuation\brackets\brackets_008.png
brackets_009,brackets,[],punctuation,media_1791224864875.jpg,numbers_and_symbols,1,5,8,452,934,486,955,128,2.824,1231,84.01,182.68,1.0,1.0,GOOD,NONE,C:\Projects\Transcriber\dataset\glyphs\punctuation\brackets\brackets_009.png
brackets_010,brackets,[],punctuation,media_1791224864875.jpg,numbers_and_symbols,1,5,9,505,935,538,955,128,2.909,1344,94.94,190.05,1.0,1.0,GOOD,NONE,C:\Projects\Transcriber\dataset\glyphs\punctuation\brackets\brackets_010.png
brackets_011,brackets,[],punctuation,media_1791224864875.jpg,numbers_and_symbols,1,5,10,561,933,597,953,128,2.667,1037,92.38,193.2,1.0,1.0,GOOD,NONE,C:\Projects\Transcriber\dataset\glyphs\punctuation\brackets\brackets_011.png
brackets_012,brackets,[],punctuation,media_1791224864875.jpg,numbers_and_symbols,1,5,11,620,932,656,954,128,2.667,1267,90.04,217.86,1.0,1.0,GOOD,NONE,C:\Projects\Transcriber\dataset\glyphs\punctuation\brackets\brackets_012.png
brackets_013,brackets,[],punctuation,media_1791224864875.jpg,numbers_and_symbols,1,5,12,679,936,717,958,128,2.526,1066,81.72,189.43,1.0,1.0,GOOD,NONE,C:\Projects\Transcriber\dataset\glyphs\punctuation\brackets\brackets_013.png
brackets_014,brackets,[],punctuation,media_1791224864875.jpg,numbers_and_symbols,1,5,13,743,941,780,961,128,2.595,1151,78.42,131.12,1.0,1.0,GOOD,NONE,C:\Projects\Transcriber\dataset\glyphs\punctuation\brackets\brackets_014.png
hyphen_001,hyphen,-,punctuation,media_1791224864875.jpg,numbers_and_symbols,1,6,0,30,987,43,996,128,7.385,1748,79.12,6.21,1.0,1.0,GOOD,NONE,C:\Projects\Transcriber\dataset\glyphs\punctuation\hyphen\hyphen_001.png
hyphen_002,hyphen,-,punctuation,media_1791224864875.jpg,numbers_and_symbols,1,6,1,72,987,86,996,128,6.857,1498,83.88,5.82,1.0,1.0,GOOD,NONE,C:\Projects\Transcriber\dataset\glyphs\punctuation\hyphen\hyphen_002.png
hyphen_003,hyphen,-,punctuation,media_1791224864875.jpg,numbers_and_symbols,1,6,2,123,986,135,994,128,8.0,1728,77.41,12.49,1.0,1.0,GOOD,NONE,C:\Projects\Transcriber\dataset\glyphs\punctuation\hyphen\hyphen_003.png
hyphen_004,hyphen,-,punctuation,media_1791224864875.jpg,numbers_and_symbols,1,6,3,178,986,191,994,128,7.385,1522,79.59,7.22,1.0,1.0,GOOD,NONE,C:\Projects\Transcriber\dataset\glyphs\punctuation\hyphen\hyphen_004.png
hyphen_005,hyphen,-,punctuation,media_1791224864875.jpg,numbers_and_symbols,1,6,4,231,986,244,994,128,7.385,1650,83.51,16.36,1.0,1.0,GOOD,NONE,C:\Projects\Transcriber\dataset\glyphs\punctuation\hyphen\hyphen_005.png
hyphen_006,hyphen,-,punctuation,media_1791224864875.jpg,numbers_and_symbols,1,6,5,288,985,302,993,128,6.857,1442,77.04,10.38,1.0,1.0,GOOD,NONE,C:\Projects\Transcriber\dataset\glyphs\punctuation\hyphen\hyphen_006.png
hyphen_007,hyphen,-,punctuation,media_1791224864875.jpg,numbers_and_symbols,1,6,6,348,986,362,994,128,6.857,1253,67.75,10.77,1.0,1.0,GOOD,NONE,C:\Projects\Transcriber\dataset\glyphs\punctuation\hyphen\hyphen_007.png
hyphen_008,hyphen,-,punctuation,media_1791224864875.jpg,numbers_and_symbols,1,6,7,405,988,418,996,128,7.385,1410,64.18,8.04,1.0,1.0,GOOD,NONE,C:\Projects\Transcriber\dataset\glyphs\punctuation\hyphen\hyphen_008.png
hyphen_009,hyphen,-,punctuation,media_1791224864875.jpg,numbers_and_symbols,1,6,8,455,994,470,1001,128,6.4,1322,69.79,23.54,1.0,1.0,GOOD,NONE,C:\Projects\Transcriber\dataset\glyphs\punctuation\hyphen\hyphen_009.png
hyphen_010,hyphen,-,punctuation,media_1791224864875.jpg,numbers_and_symbols,1,6,9,510,996,526,1004,128,6.0,1224,75.63,14.49,1.0,1.0,GOOD,NONE,C:\Projects\Transcriber\dataset\glyphs\punctuation\hyphen\hyphen_010.png
hyphen_011,hyphen,-,punctuation,media_1791224864875.jpg,numbers_and_symbols,1,6,10,569,996,583,1003,128,6.857,1400,71.76,16.21,1.0,1.0,GOOD,NONE,C:\Projects\Transcriber\dataset\glyphs\punctuation\hyphen\hyphen_011.png
hyphen_012,hyphen,-,punctuation,media_1791224864875.jpg,numbers_and_symbols,1,6,11,624,996,642,1004,128,5.333,1110,70.95,15.47,1.0,1.0,GOOD,NONE,C:\Projects\Transcriber\dataset\glyphs\punctuation\hyphen\hyphen_012.png
hyphen_013,hyphen,-,punctuation,media_1791224864875.jpg,numbers_and_symbols,1,6,12,682,998,698,1006,128,6.0,1260,66.86,11.09,1.0,1.0,GOOD,NONE,C:\Projects\Transcriber\dataset\glyphs\punctuation\hyphen\hyphen_013.png
hyphen_014,hyphen,-,punctuation,media_1791224864875.jpg,numbers_and_symbols,1,6,13,744,1002,762,1011,128,5.333,1170,55.17,7.63,1.0,1.0,GOOD,NONE,C:\Projects\Transcriber\dataset\glyphs\punctuation\hyphen\hyphen_014.png
z_001,z,z,lowercase,media_1791224864907.jpg,lowercase_z,0,0,0,50,42,69,68,128,3.692,1863,141.38,98.1,1.0,1.0,GOOD,NONE,C:\Projects\Transcriber\dataset\glyphs\lowercase\z\z_001.png
z_002,z,z,lowercase,media_1791224864907.jpg,lowercase_z,0,0,1,117,45,140,69,128,4.0,1952,93.32,42.04,1.0,1.0,GOOD,NONE,C:\Projects\Transcriber\dataset\glyphs\lowercase\z\z_002.png
z_003,z,z,lowercase,media_1791224864907.jpg,lowercase_z,0,0,2,192,50,211,72,128,4.364,2005,86.02,39.53,1.0,1.0,GOOD,NONE,C:\Projects\Transcriber\dataset\glyphs\lowercase\z\z_003.png
z_004,z,z,lowercase,media_1791224864907.jpg,lowercase_z,0,0,3,260,51,282,72,128,4.364,2332,86.4,48.46,1.0,1.0,GOOD,NONE,C:\Projects\Transcriber\dataset\glyphs\lowercase\z\z_004.png
z_005,z,z,lowercase,media_1791224864907.jpg,lowercase_z,0,0,4,332,55,357,76,128,3.84,1821,83.87,49.33,1.0,1.0,GOOD,NONE,C:\Projects\Transcriber\dataset\glyphs\lowercase\z\z_005.png
z_006,z,z,lowercase,media_1791224864907.jpg,lowercase_z,0,0,5,407,55,431,79,128,4.0,2176,78.72,48.61,1.0,1.0,GOOD,NONE,C:\Projects\Transcriber\dataset\glyphs\lowercase\z\z_006.png
z_007,z,z,lowercase,media_1791224864907.jpg,lowercase_z,0,0,6,473,56,499,79,128,3.692,1604,73.0,30.15,1.0,1.0,GOOD,NONE,C:\Projects\Transcriber\dataset\glyphs\lowercase\z\z_007.png
z_008,z,z,lowercase,media_1791224864907.jpg,lowercase_z,0,0,7,546,58,567,79,128,4.571,2099,75.44,26.42,1.0,1.0,GOOD,NONE,C:\Projects\Transcriber\dataset\glyphs\lowercase\z\z_008.png
z_009,z,z,lowercase,media_1791224864907.jpg,lowercase_z,0,0,8,616,56,638,78,128,4.364,1954,80.62,24.02,1.0,1.0,GOOD,NONE,C:\Projects\Transcriber\dataset\glyphs\lowercase\z\z_009.png
z_010,z,z,lowercase,media_1791224864907.jpg,lowercase_z,0,0,9,685,58,710,78,128,3.84,1685,80.23,53.7,1.0,1.0,GOOD,NONE,C:\Projects\Transcriber\dataset\glyphs\lowercase\z\z_010.png
z_011,z,z,lowercase,media_1791224864907.jpg,lowercase_z,0,0,10,762,58,783,80,128,4.364,2015,86.21,31.9,1.0,1.0,GOOD,NONE,C:\Projects\Transcriber\dataset\glyphs\lowercase\z\z_011.png
z_012,z,z,lowercase,media_1791224864907.jpg,lowercase_z,0,0,11,826,58,849,79,128,4.174,1890,89.49,38.64,1.0,1.0,GOOD,NONE,C:\Projects\Transcriber\dataset\glyphs\lowercase\z\z_012.png
z_013,z,z,lowercase,media_1791224864907.jpg,lowercase_z,0,0,12,891,61,916,82,128,3.84,1897,83.73,48.21,1.0,1.0,GOOD,NONE,C:\Projects\Transcriber\dataset\glyphs\lowercase\z\z_013.png
z_014,z,z,lowercase,media_1791224864907.jpg,lowercase_z,0,0,13,961,63,985,83,128,4.0,1536,79.06,33.1,1.0,1.0,GOOD,NONE,C:\Projects\Transcriber\dataset\glyphs\lowercase\z\z_014.png
f_001,f,f,lowercase,media_1791224864924.jpg,lowercase_f_to_y,0,0,0,22,8,40,37,128,3.31,1289,90.09,63.7,1.0,1.0,GOOD,NONE,C:\Projects\Transcriber\dataset\glyphs\lowercase\f\f_001.png
f_002,f,f,lowercase,media_1791224864924.jpg,lowercase_f_to_y,0,0,1,73,11,91,38,128,3.556,1324,93.44,71.31,1.0,1.0,GOOD,NONE,C:\Projects\Transcriber\dataset\glyphs\lowercase\f\f_002.png
f_003,f,f,lowercase,media_1791224864924.jpg,lowercase_f_to_y,0,0,2,129,13,150,36,128,4.174,1810,91.73,40.13,1.0,1.0,GOOD,NONE,C:\Projects\Transcriber\dataset\glyphs\lowercase\f\f_003.png
f_004,f,f,lowercase,media_1791224864924.jpg,lowercase_f_to_y,0,0,3,177,15,193,38,128,4.174,1546,91.98,41.78,1.0,1.0,GOOD,NONE,C:\Projects\Transcriber\dataset\glyphs\lowercase\f\f_004.png
f_005,f,f,lowercase,media_1791224864924.jpg,lowercase_f_to_y,0,0,4,232,15,250,37,128,4.364,1737,92.82,33.01,1.0,1.0,GOOD,NONE,C:\Projects\Transcriber\dataset\glyphs\lowercase\f\f_005.png
f_006,f,f,lowercase,media_1791224864924.jpg,lowercase_f_to_y,0,0,5,280,14,299,37,128,4.174,1521,95.78,54.8,1.0,1.0,GOOD,NONE,C:\Projects\Transcriber\dataset\glyphs\lowercase\f\f_006.png
f_007,f,f,lowercase,media_1791224864924.jpg,lowercase_f_to_y,0,0,6,327,13,344,37,128,4.0,1488,89.22,62.66,1.0,1.0,GOOD,NONE,C:\Projects\Transcriber\dataset\glyphs\lowercase\f\f_007.png
f_008,f,f,lowercase,media_1791224864924.jpg,lowercase_f_to_y,0,0,7,389,9,409,34,128,3.84,1610,92.06,53.38,1.0,1.0,GOOD,NONE,C:\Projects\Transcriber\dataset\glyphs\lowercase\f\f_008.png
f_009,f,f,lowercase,media_1791224864924.jpg,lowercase_f_to_y,0,0,8,442,10,458,33,128,4.174,1453,98.14,70.61,1.0,1.0,GOOD,NONE,C:\Projects\Transcriber\dataset\glyphs\lowercase\f\f_009.png
f_010,f,f,lowercase,media_1791224864924.jpg,lowercase_f_to_y,0,0,9,497,10,515,32,128,4.364,1651,92.95,30.78,1.0,1.0,GOOD,NONE,C:\Projects\Transcriber\dataset\glyphs\lowercase\f\f_010.png
f_011,f,f,lowercase,media_1791224864924.jpg,lowercase_f_to_y,0,0,10,557,8,577,31,128,4.174,1790,92.22,50.42,1.0,1.0,GOOD,NONE,C:\Projects\Transcriber\dataset\glyphs\lowercase\f\f_011.png
f_012,f,f,lowercase,media_1791224864924.jpg,lowercase_f_to_y,0,0,11,602,8,619,34,128,3.692,1290,80.21,37.55,1.0,1.0,GOOD,NONE,C:\Projects\Transcriber\dataset\glyphs\lowercase\f\f_012.png
f_013,f,f,lowercase,media_1791224864924.jpg,lowercase_f_to_y,0,0,12,653,11,668,35,128,4.0,1328,83.49,38.92,1.0,1.0,GOOD,NONE,C:\Projects\Transcriber\dataset\glyphs\lowercase\f\f_013.png
f_014,f,f,lowercase,media_1791224864924.jpg,lowercase_f_to_y,0,0,13,692,13,709,37,128,4.0,1520,83.61,33.9,1.0,1.0,GOOD,NONE,C:\Projects\Transcriber\dataset\glyphs\lowercase\f\f_014.png
g_001,g,g,lowercase,media_1791224864924.jpg,lowercase_f_to_y,0,1,0,20,68,39,94,128,3.692,1669,98.5,68.02,1.0,1.0,GOOD,NONE,C:\Projects\Transcriber\dataset\glyphs\lowercase\g\g_001.png
g_002,g,g,lowercase,media_1791224864924.jpg,lowercase_f_to_y,0,1,1,76,69,94,93,128,4.0,1760,102.97,59.9,1.0,1.0,GOOD,NONE,C:\Projects\Transcriber\dataset\glyphs\lowercase\g\g_002.png
g_003,g,g,lowercase,media_1791224864924.jpg,lowercase_f_to_y,0,1,2,124,71,140,92,128,4.571,1955,91.6,32.22,1.0,1.0,GOOD,NONE,C:\Projects\Transcriber\dataset\glyphs\lowercase\g\g_003.png
g_004,g,g,lowercase,media_1791224864924.jpg,lowercase_f_to_y,0,1,3,180,71,197,96,128,3.84,1806,87.69,54.33,1.0,1.0,GOOD,NONE,C:\Projects\Transcriber\dataset\glyphs\lowercase\g\g_004.png
g_005,g,g,lowercase,media_1791224864924.jpg,lowercase_f_to_y,0,1,4,228,72,245,95,128,4.174,1838,99.61,56.99,1.0,1.0,GOOD,NONE,C:\Projects\Transcriber\dataset\glyphs\lowercase\g\g_005.png
g_006,g,g,lowercase,media_1791224864924.jpg,lowercase_f_to_y,0,1,5,283,73,301,94,128,4.571,2047,97.84,33.76,1.0,1.0,GOOD,NONE,C:\Projects\Transcriber\dataset\glyphs\lowercase\g\g_006.png
g_007,g,g,lowercase,media_1791224864924.jpg,lowercase_f_to_y,0,1,6,332,72,352,95,128,4.174,1833,95.53,49.78,1.0,1.0,GOOD,NONE,C:\Projects\Transcriber\dataset\glyphs\lowercase\g\g_007.png
g_008,g,g,lowercase,media_1791224864924.jpg,lowercase_f_to_y,0,1,7,385,70,402,93,128,4.174,1768,96.71,38.85,1.0,1.0,GOOD,NONE,C:\Projects\Transcriber\dataset\glyphs\lowercase\g\g_008.png
g_009,g,g,lowercase,media_1791224864924.jpg,lowercase_f_to_y,0,1,8,446,70,462,92,128,4.364,1842,92.62,41.07,1.0,1.0,GOOD,NONE,C:\Projects\Transcriber\dataset\glyphs\lowercase\g\g_009.png
g_010,g,g,lowercase,media_1791224864924.jpg,lowercase_f_to_y,0,1,9,495,68,514,91,128,4.174,1813,105.51,59.47,1.0,1.0,GOOD,NONE,C:\Projects\Transcriber\dataset\glyphs\lowercase\g\g_010.png
g_011,g,g,lowercase,media_1791224864924.jpg,lowercase_f_to_y,0,1,10,550,67,567,88,128,4.571,1923,100.52,39.42,1.0,1.0,GOOD,NONE,C:\Projects\Transcriber\dataset\glyphs\lowercase\g\g_011.png
g_012,g,g,lowercase,media_1791224864924.jpg,lowercase_f_to_y,0,1,11,608,66,626,89,128,4.174,1840,98.92,48.26,1.0,1.0,GOOD,NONE,C:\Projects\Transcriber\dataset\glyphs\lowercase\g\g_012.png
g_013,g,g,lowercase,media_1791224864924.jpg,lowercase_f_to_y,0,1,12,656,69,673,91,128,4.364,1968,80.51,31.93,1.0,1.0,GOOD,NONE,C:\Projects\Transcriber\dataset\glyphs\lowercase\g\g_013.png
g_014,g,g,lowercase,media_1791224864924.jpg,lowercase_f_to_y,0,1,13,696,70,713,90,128,4.8,1998,92.77,33.69,1.0,1.0,GOOD,NONE,C:\Projects\Transcriber\dataset\glyphs\lowercase\g\g_014.png
h_001,h,h,lowercase,media_1791224864924.jpg,lowercase_f_to_y,0,2,0,22,119,38,143,128,4.0,1360,108.19,55.67,1.0,1.0,GOOD,NONE,C:\Projects\Transcriber\dataset\glyphs\lowercase\h\h_001.png
h_002,h,h,lowercase,media_1791224864924.jpg,lowercase_f_to_y,0,2,1,79,122,93,143,128,4.571,1500,110.39,40.0,1.0,1.0,GOOD,NONE,C:\Projects\Transcriber\dataset\glyphs\lowercase\h\h_002.png
h_003,h,h,lowercase,media_1791224864924.jpg,lowercase_f_to_y,0,2,2,126,122,142,144,128,4.364,1559,108.66,36.7,1.0,1.0,GOOD,NONE,C:\Projects\Transcriber\dataset\glyphs\lowercase\h\h_003.png
h_004,h,h,lowercase,media_1791224864924.jpg,lowercase_f_to_y,0,2,3,180,124,194,145,128,4.571,1532,104.83,46.8,1.0,1.0,GOOD,NONE,C:\Projects\Transcriber\dataset\glyphs\lowercase\h\h_004.png
h_005,h,h,lowercase,media_1791224864924.jpg,lowercase_f_to_y,0,2,4,226,126,241,148,128,4.364,1430,111.15,38.95,1.0,1.0,GOOD,NONE,C:\Projects\Transcriber\dataset\glyphs\lowercase\h\h_005.png
h_006,h,h,lowercase,media_1791224864924.jpg,lowercase_f_to_y,0,2,5,278,126,292,147,128,4.571,1436,107.67,52.56,1.0,1.0,GOOD,NONE,C:\Projects\Transcriber\dataset\glyphs\lowercase\h\h_006.png
h_007,h,h,lowercase,media_1791224864924.jpg,lowercase_f_to_y,0,2,6,326,124,340,145,128,4.571,1534,120.69,52.22,1.0,1.0,GOOD,NONE,C:\Projects\Transcriber\dataset\glyphs\lowercase\h\h_007.png
h_008,h,h,lowercase,media_1791224864924.jpg,lowercase_f_to_y,0,2,7,382,122,397,144,128,4.364,1379,120.8,51.95,1.0,1.0,GOOD,NONE,C:\Projects\Transcriber\dataset\glyphs\lowercase\h\h_008.png
h_009,h,h,lowercase,media_1791224864924.jpg,lowercase_f_to_y,0,2,8,437,120,451,142,128,4.364,1489,109.53,56.86,1.0,1.0,GOOD,NONE,C:\Projects\Transcriber\dataset\glyphs\lowercase\h\h_009.png
h_010,h,h,lowercase,media_1791224864924.jpg,lowercase_f_to_y,0,2,9,491,118,505,141,128,4.174,1409,114.03,57.2,1.0,1.0,GOOD,NONE,C:\Projects\Transcriber\dataset\glyphs\lowercase\h\h_010.png
h_011,h,h,lowercase,media_1791224864924.jpg,lowercase_f_to_y,0,2,10,548,116,562,140,128,4.0,1328,109.38,71.98,1.0,1.0,GOOD,NONE,C:\Projects\Transcriber\dataset\glyphs\lowercase\h\h_011.png
h_012,h,h,lowercase,media_1791224864924.jpg,lowercase_f_to_y,0,2,11,605,118,620,140,128,4.364,1409,115.73,36.55,1.0,1.0,GOOD,NONE,C:\Projects\Transcriber\dataset\glyphs\lowercase\h\h_012.png
h_013,h,h,lowercase,media_1791224864924.jpg,lowercase_f_to_y,0,2,12,652,116,667,138,128,4.364,1605,106.05,47.96,1.0,1.0,GOOD,NONE,C:\Projects\Transcriber\dataset\glyphs\lowercase\h\h_013.png
h_014,h,h,lowercase,media_1791224864924.jpg,lowercase_f_to_y,0,2,13,693,117,707,139,128,4.364,1343,118.43,47.54,1.0,1.0,GOOD,NONE,C:\Projects\Transcriber\dataset\glyphs\lowercase\h\h_014.png
i_001,i,i,lowercase,media_1791224864924.jpg,lowercase_f_to_y,0,3,0,25,177,33,195,128,5.333,1068,86.7,48.83,1.0,1.0,GOOD,NONE,C:\Projects\Transcriber\dataset\glyphs\lowercase\i\i_001.png
i_002,i,i,lowercase,media_1791224864924.jpg,lowercase_f_to_y,0,3,1,78,178,87,195,128,5.647,1216,85.95,28.12,1.0,1.0,GOOD,NONE,C:\Projects\Transcriber\dataset\glyphs\lowercase\i\i_002.png
i_003,i,i,lowercase,media_1791224864924.jpg,lowercase_f_to_y,0,3,2,131,178,138,196,128,5.333,1060,78.84,64.0,1.0,1.0,GOOD,NONE,C:\Projects\Transcriber\dataset\glyphs\lowercase\i\i_003.png
i_004,i,i,lowercase,media_1791224864924.jpg,lowercase_f_to_y,0,3,3,175,179,184,201,128,4.364,832,81.73,44.48,1.0,1.0,GOOD,NONE,C:\Projects\Transcriber\dataset\glyphs\lowercase\i\i_004.png
i_005,i,i,lowercase,media_1791224864924.jpg,lowercase_f_to_y,0,3,4,234,177,243,197,128,4.8,963,86.73,53.29,1.0,1.0,GOOD,NONE,C:\Projects\Transcriber\dataset\glyphs\lowercase\i\i_005.png
i_006,i,i,lowercase,media_1791224864924.jpg,lowercase_f_to_y,0,3,5,282,178,290,198,128,4.8,1053,82.04,65.67,1.0,1.0,GOOD,NONE,C:\Projects\Transcriber\dataset\glyphs\lowercase\i\i_006.png
i_007,i,i,lowercase,media_1791224864924.jpg,lowercase_f_to_y,0,3,6,338,178,346,198,128,4.8,958,70.48,45.26,1.0,1.0,GOOD,NONE,C:\Projects\Transcriber\dataset\glyphs\lowercase\i\i_007.png
i_008,i,i,lowercase,media_1791224864924.jpg,lowercase_f_to_y,0,3,7,394,179,402,199,128,4.8,953,71.47,48.01,1.0,1.0,GOOD,NONE,C:\Projects\Transcriber\dataset\glyphs\lowercase\i\i_008.png
i_009,i,i,lowercase,media_1791224864924.jpg,lowercase_f_to_y,0,3,8,444,178,453,198,128,4.8,978,90.57,54.8,1.0,1.0,GOOD,NONE,C:\Projects\Transcriber\dataset\glyphs\lowercase\i\i_009.png
i_010,i,i,lowercase,media_1791224864924.jpg,lowercase_f_to_y,0,3,9,491,168,499,195,128,3.556,618,70.65,116.2,1.0,1.0,GOOD,NONE,C:\Projects\Transcriber\dataset\glyphs\lowercase\i\i_010.png
i_011,i,i,lowercase,media_1791224864924.jpg,lowercase_f_to_y,0,3,10,556,175,565,193,128,5.333,1189,92.2,48.76,1.0,1.0,GOOD,NONE,C:\Projects\Transcriber\dataset\glyphs\lowercase\i\i_011.png
i_012,i,i,lowercase,media_1791224864924.jpg,lowercase_f_to_y,0,3,11,610,174,618,192,128,5.333,983,107.17,36.49,1.0,1.0,GOOD,NONE,C:\Projects\Transcriber\dataset\glyphs\lowercase\i\i_012.png
i_013,i,i,lowercase,media_1791224864924.jpg,lowercase_f_to_y,0,3,12,649,173,658,194,128,4.571,891,92.0,42.38,1.0,1.0,GOOD,NONE,C:\Projects\Transcriber\dataset\glyphs\lowercase\i\i_013.png
i_014,i,i,lowercase,media_1791224864924.jpg,lowercase_f_to_y,0,3,13,696,176,705,194,128,5.333,1187,71.6,32.07,1.0,1.0,GOOD,NONE,C:\Projects\Transcriber\dataset\glyphs\lowercase\i\i_014.png
j_001,j,j,lowercase,media_1791224864924.jpg,lowercase_f_to_y,0,4,0,23,227,42,253,128,3.692,1012,82.57,51.04,1.0,1.0,GOOD,NONE,C:\Projects\Transcriber\dataset\glyphs\lowercase\j\j_001.png
j_002,j,j,lowercase,media_1791224864924.jpg,lowercase_f_to_y,0,4,1,73,232,86,254,128,4.364,1113,81.45,42.06,1.0,1.0,GOOD,NONE,C:\Projects\Transcriber\dataset\glyphs\lowercase\j\j_002.png
j_003,j,j,lowercase,media_1791224864924.jpg,lowercase_f_to_y,0,4,2,130,231,143,252,128,4.571,992,91.05,53.84,1.0,1.0,GOOD,NONE,C:\Projects\Transcriber\dataset\glyphs\lowercase\j\j_003.png
j_004,j,j,lowercase,media_1791224864924.jpg,lowercase_f_to_y,0,4,3,176,232,189,254,128,4.364,1121,81.49,47.95,1.0,1.0,GOOD,NONE,C:\Projects\Transcriber\dataset\glyphs\lowercase\j\j_004.png
j_005,j,j,lowercase,media_1791224864924.jpg,lowercase_f_to_y,0,4,4,227,233,240,254,128,4.571,1082,74.03,34.04,1.0,1.0,GOOD,NONE,C:\Projects\Transcriber\dataset\glyphs\lowercase\j\j_005.png
j_006,j,j,lowercase,media_1791224864924.jpg,lowercase_f_to_y,0,4,5,285,231,299,253,128,4.364,1043,87.66,46.41,1.0,1.0,GOOD,NONE,C:\Projects\Transcriber\dataset\glyphs\lowercase\j\j_006.png
j_007,j,j,lowercase,media_1791224864924.jpg,lowercase_f_to_y,0,4,6,333,232,346,256,128,4.0,992,80.19,65.24,1.0,1.0,GOOD,NONE,C:\Projects\Transcriber\dataset\glyphs\lowercase\j\j_007.png
j_008,j,j,lowercase,media_1791224864924.jpg,lowercase_f_to_y,0,4,7,386,236,398,255,128,5.053,1350,74.9,31.47,1.0,1.0,GOOD,NONE,C:\Projects\Transcriber\dataset\glyphs\lowercase\j\j_008.png
j_009,j,j,lowercase,media_1791224864924.jpg,lowercase_f_to_y,0,4,8,438,231,454,254,128,4.174,1163,75.17,32.23,1.0,1.0,GOOD,NONE,C:\Projects\Transcriber\dataset\glyphs\lowercase\j\j_009.png
j_010,j,j,lowercase,media_1791224864924.jpg,lowercase_f_to_y,0,4,9,493,230,506,253,128,4.174,1021,80.35,47.77,1.0,1.0,GOOD,NONE,C:\Projects\Transcriber\dataset\glyphs\lowercase\j\j_010.png
j_011,j,j,lowercase,media_1791224864924.jpg,lowercase_f_to_y,0,4,10,549,231,561,252,128,4.571,1215,83.13,49.23,1.0,1.0,GOOD,NONE,C:\Projects\Transcriber\dataset\glyphs\lowercase\j\j_011.png
j_012,j,j,lowercase,media_1791224864924.jpg,lowercase_f_to_y,0,4,11,599,230,614,251,128,4.571,1496,77.24,42.91,1.0,1.0,GOOD,NONE,C:\Projects\Transcriber\dataset\glyphs\lowercase\j\j_012.png
j_013,j,j,lowercase,media_1791224864924.jpg,lowercase_f_to_y,0,4,12,645,231,659,251,128,4.8,1394,77.61,31.21,1.0,1.0,GOOD,NONE,C:\Projects\Transcriber\dataset\glyphs\lowercase\j\j_013.png
j_014,j,j,lowercase,media_1791224864924.jpg,lowercase_f_to_y,0,4,13,697,230,710,251,128,4.571,1123,94.34,46.5,1.0,1.0,GOOD,NONE,C:\Projects\Transcriber\dataset\glyphs\lowercase\j\j_014.png
k_001,k,k,lowercase,media_1791224864924.jpg,lowercase_f_to_y,0,5,0,26,290,41,307,128,5.647,1927,106.58,28.9,1.0,1.0,GOOD,NONE,C:\Projects\Transcriber\dataset\glyphs\lowercase\k\k_001.png
k_002,k,k,lowercase,media_1791224864924.jpg,lowercase_f_to_y,0,5,1,79,289,92,306,128,5.647,1824,100.6,29.56,1.0,1.0,GOOD,NONE,C:\Projects\Transcriber\dataset\glyphs\lowercase\k\k_002.png
k_003,k,k,lowercase,media_1791224864924.jpg,lowercase_f_to_y,0,5,2,135,291,149,310,128,5.053,1750,92.59,46.43,1.0,1.0,GOOD,NONE,C:\Projects\Transcriber\dataset\glyphs\lowercase\k\k_003.png
k_004,k,k,lowercase,media_1791224864924.jpg,lowercase_f_to_y,0,5,3,180,293,193,309,128,6.0,2052,88.16,27.02,1.0,1.0,GOOD,NONE,C:\Projects\Transcriber\dataset\glyphs\lowercase\k\k_004.png
k_005,k,k,lowercase,media_1791224864924.jpg,lowercase_f_to_y,0,5,4,235,292,248,308,128,6.0,1944,94.68,29.35,1.0,1.0,GOOD,NONE,C:\Projects\Transcriber\dataset\glyphs\lowercase\k\k_005.png
k_006,k,k,lowercase,media_1791224864924.jpg,lowercase_f_to_y,0,5,5,282,291,296,309,128,5.333,1736,74.45,23.02,1.0,1.0,GOOD,NONE,C:\Projects\Transcriber\dataset\glyphs\lowercase\k\k_006.png
k_007,k,k,lowercase,media_1791224864924.jpg,lowercase_f_to_y,0,5,6,335,291,348,308,128,5.647,1687,92.98,34.96,1.0,1.0,GOOD,NONE,C:\Projects\Transcriber\dataset\glyphs\lowercase\k\k_007.png
k_008,k,k,lowercase,media_1791224864924.jpg,lowercase_f_to_y,0,5,7,390,292,403,309,128,5.647,1868,72.74,22.77,1.0,1.0,GOOD,NONE,C:\Projects\Transcriber\dataset\glyphs\lowercase\k\k_008.png
k_009,k,k,lowercase,media_1791224864924.jpg,lowercase_f_to_y,0,5,8,435,290,452,308,128,5.333,1933,85.58,21.21,1.0,1.0,GOOD,NONE,C:\Projects\Transcriber\dataset\glyphs\lowercase\k\k_009.png
k_010,k,k,lowercase,media_1791224864924.jpg,lowercase_f_to_y,0,5,9,492,287,506,306,128,5.053,1675,89.08,34.59,1.0,1.0,GOOD,NONE,C:\Projects\Transcriber\dataset\glyphs\lowercase\k\k_010.png
k_011,k,k,lowercase,media_1791224864924.jpg,lowercase_f_to_y,0,5,10,547,286,562,303,128,5.647,2054,92.12,24.12,1.0,1.0,GOOD,NONE,C:\Projects\Transcriber\dataset\glyphs\lowercase\k\k_011.png
k_012,k,k,lowercase,media_1791224864924.jpg,lowercase_f_to_y,0,5,11,607,286,621,306,128,4.8,1533,89.07,46.47,1.0,1.0,GOOD,NONE,C:\Projects\Transcriber\dataset\glyphs\lowercase\k\k_012.png
k_013,k,k,lowercase,media_1791224864924.jpg,lowercase_f_to_y,0,5,12,654,288,668,306,128,5.333,1848,76.44,18.26,1.0,1.0,GOOD,NONE,C:\Projects\Transcriber\dataset\glyphs\lowercase\k\k_013.png
k_014,k,k,lowercase,media_1791224864924.jpg,lowercase_f_to_y,0,5,13,699,294,716,313,128,5.053,1900,90.73,40.28,1.0,1.0,GOOD,NONE,C:\Projects\Transcriber\dataset\glyphs\lowercase\k\k_014.png
l_001,l,l,lowercase,media_1791224864924.jpg,lowercase_f_to_y,0,6,0,27,341,42,363,128,4.364,1547,122.45,62.37,1.0,1.0,GOOD,NONE,C:\Projects\Transcriber\dataset\glyphs\lowercase\l\l_001.png
l_002,l,l,lowercase,media_1791224864924.jpg,lowercase_f_to_y,0,6,1,81,343,95,364,128,4.571,1319,100.98,32.51,1.0,1.0,GOOD,NONE,C:\Projects\Transcriber\dataset\glyphs\lowercase\l\l_002.png
l_003,l,l,lowercase,media_1791224864924.jpg,lowercase_f_to_y,0,6,2,129,344,142,364,128,4.8,1344,110.24,24.59,1.0,1.0,GOOD,NONE,C:\Projects\Transcriber\dataset\glyphs\lowercase\l\l_003.png
l_004,l,l,lowercase,media_1791224864924.jpg,lowercase_f_to_y,0,6,3,181,343,195,363,128,4.8,1463,108.61,22.2,1.0,1.0,GOOD,NONE,C:\Projects\Transcriber\dataset\glyphs\lowercase\l\l_004.png
l_005,l,l,lowercase,media_1791224864924.jpg,lowercase_f_to_y,0,6,4,238,341,252,363,128,4.364,1563,99.67,46.47,1.0,1.0,GOOD,NONE,C:\Projects\Transcriber\dataset\glyphs\lowercase\l\l_005.png
l_006,l,l,lowercase,media_1791224864924.jpg,lowercase_f_to_y,0,6,5,285,342,298,364,128,4.364,1249,88.8,24.12,1.0,1.0,GOOD,NONE,C:\Projects\Transcriber\dataset\glyphs\lowercase\l\l_006.png
l_007,l,l,lowercase,media_1791224864924.jpg,lowercase_f_to_y,0,6,6,334,342,348,363,128,4.571,1563,88.37,32.78,1.0,1.0,GOOD,NONE,C:\Projects\Transcriber\dataset\glyphs\lowercase\l\l_007.png
l_008,l,l,lowercase,media_1791224864924.jpg,lowercase_f_to_y,0,6,7,390,343,403,366,128,4.174,1410,90.76,57.04,1.0,1.0,GOOD,NONE,C:\Projects\Transcriber\dataset\glyphs\lowercase\l\l_008.png
l_009,l,l,lowercase,media_1791224864924.jpg,lowercase_f_to_y,0,6,8,437,344,453,366,128,4.364,1476,101.3,29.71,1.0,1.0,GOOD,NONE,C:\Projects\Transcriber\dataset\glyphs\lowercase\l\l_009.png
l_010,l,l,lowercase,media_1791224864924.jpg,lowercase_f_to_y,0,6,9,491,339,504,362,128,4.174,1265,104.45,47.74,1.0,1.0,GOOD,NONE,C:\Projects\Transcriber\dataset\glyphs\lowercase\l\l_010.png
l_011,l,l,lowercase,media_1791224864924.jpg,lowercase_f_to_y,0,6,10,549,333,566,358,128,3.84,1362,91.37,43.49,1.0,1.0,GOOD,NONE,C:\Projects\Transcriber\dataset\glyphs\lowercase\l\l_011.png
l_012,l,l,lowercase,media_1791224864924.jpg,lowercase_f_to_y,0,6,11,610,337,621,360,128,4.174,1350,103.75,77.38,1.0,1.0,GOOD,NONE,C:\Projects\Transcriber\dataset\glyphs\lowercase\l\l_012.png
l_013,l,l,lowercase,media_1791224864924.jpg,lowercase_f_to_y,0,6,12,646,336,660,359,128,4.174,1357,90.6,43.83,1.0,1.0,GOOD,NONE,C:\Projects\Transcriber\dataset\glyphs\lowercase\l\l_013.png
l_014,l,l,lowercase,media_1791224864924.jpg,lowercase_f_to_y,0,6,13,696,338,711,362,128,4.0,1424,93.3,45.27,1.0,1.0,GOOD,NONE,C:\Projects\Transcriber\dataset\glyphs\lowercase\l\l_014.png
m_001,m,m,lowercase,media_1791224864924.jpg,lowercase_f_to_y,0,7,0,27,398,50,414,128,4.174,1712,113.01,63.21,1.0,1.0,GOOD,NONE,C:\Projects\Transcriber\dataset\glyphs\lowercase\m\m_001.png
m_002,m,m,lowercase,media_1791224864924.jpg,lowercase_f_to_y,0,7,1,87,399,108,414,128,4.571,1693,107.52,46.35,1.0,1.0,GOOD,NONE,C:\Projects\Transcriber\dataset\glyphs\lowercase\m\m_002.png
m_003,m,m,lowercase,media_1791224864924.jpg,lowercase_f_to_y,0,7,2,133,396,152,411,128,5.053,1900,107.5,29.55,1.0,1.0,GOOD,NONE,C:\Projects\Transcriber\dataset\glyphs\lowercase\m\m_003.png
m_004,m,m,lowercase,media_1791224864924.jpg,lowercase_f_to_y,0,7,3,179,397,198,412,128,5.053,1900,99.53,29.55,1.0,1.0,GOOD,NONE,C:\Projects\Transcriber\dataset\glyphs\lowercase\m\m_004.png
m_005,m,m,lowercase,media_1791224864924.jpg,lowercase_f_to_y,0,7,4,232,396,251,412,128,5.053,1975,93.53,29.17,1.0,1.0,GOOD,NONE,C:\Projects\Transcriber\dataset\glyphs\lowercase\m\m_005.png
m_006,m,m,lowercase,media_1791224864924.jpg,lowercase_f_to_y,0,7,5,290,397,308,412,128,5.333,2178,110.6,31.25,1.0,1.0,GOOD,NONE,C:\Projects\Transcriber\dataset\glyphs\lowercase\m\m_006.png
m_007,m,m,lowercase,media_1791224864924.jpg,lowercase_f_to_y,0,7,6,329,396,348,411,128,5.053,1700,96.18,22.46,1.0,1.0,GOOD,NONE,C:\Projects\Transcriber\dataset\glyphs\lowercase\m\m_007.png
m_008,m,m,lowercase,media_1791224864924.jpg,lowercase_f_to_y,0,7,7,381,395,398,410,128,5.647,2265,101.46,27.72,1.0,1.0,GOOD,NONE,C:\Projects\Transcriber\dataset\glyphs\lowercase\m\m_008.png
m_009,m,m,lowercase,media_1791224864924.jpg,lowercase_f_to_y,0,7,8,440,395,458,410,128,5.333,1993,97.44,30.64,1.0,1.0,GOOD,NONE,C:\Projects\Transcriber\dataset\glyphs\lowercase\m\m_009.png
m_010,m,m,lowercase,media_1791224864924.jpg,lowercase_f_to_y,0,7,9,490,392,508,406,128,5.333,1993,93.11,27.64,1.0,1.0,GOOD,NONE,C:\Projects\Transcriber\dataset\glyphs\lowercase\m\m_010.png
m_011,m,m,lowercase,media_1791224864924.jpg,lowercase_f_to_y,0,7,10,553,390,571,405,128,5.333,2040,101.03,25.89,1.0,1.0,GOOD,NONE,C:\Projects\Transcriber\dataset\glyphs\lowercase\m\m_011.png
m_012,m,m,lowercase,media_1791224864924.jpg,lowercase_f_to_y,0,7,11,605,390,624,404,128,5.053,1600,100.22,27.4,1.0,1.0,GOOD,NONE,C:\Projects\Transcriber\dataset\glyphs\lowercase\m\m_012.png
m_013,m,m,lowercase,media_1791224864924.jpg,lowercase_f_to_y,0,7,12,653,393,671,407,128,5.333,1943,101.02,31.13,1.0,1.0,GOOD,NONE,C:\Projects\Transcriber\dataset\glyphs\lowercase\m\m_013.png
m_014,m,m,lowercase,media_1791224864924.jpg,lowercase_f_to_y,0,7,13,690,394,708,411,128,5.333,2068,115.41,24.35,1.0,1.0,GOOD,NONE,C:\Projects\Transcriber\dataset\glyphs\lowercase\m\m_014.png
n_001,n,n,lowercase,media_1791224864924.jpg,lowercase_f_to_y,0,8,0,34,446,49,461,128,6.4,2640,127.57,24.84,1.0,1.0,GOOD,NONE,C:\Projects\Transcriber\dataset\glyphs\lowercase\n\n_001.png
n_002,n,n,lowercase,media_1791224864924.jpg,lowercase_f_to_y,0,8,1,90,446,104,460,128,6.857,2443,87.15,11.78,0.7,0.7,REVIEW,SEVERE_BLUR,C:\Projects\Transcriber\dataset\glyphs\lowercase\n\n_002.png
n_003,n,n,lowercase,media_1791224864924.jpg,lowercase_f_to_y,0,8,2,137,446,152,459,128,6.4,1873,100.02,16.22,1.0,1.0,GOOD,NONE,C:\Projects\Transcriber\dataset\glyphs\lowercase\n\n_003.png
n_004,n,n,lowercase,media_1791224864924.jpg,lowercase_f_to_y,0,8,3,184,445,199,459,128,6.4,2152,79.87,15.29,1.0,1.0,GOOD,NONE,C:\Projects\Transcriber\dataset\glyphs\lowercase\n\n_004.png
n_005,n,n,lowercase,media_1791224864924.jpg,lowercase_f_to_y,0,8,4,240,447,254,461,128,6.857,2205,86.43,18.08,1.0,1.0,GOOD,NONE,C:\Projects\Transcriber\dataset\glyphs\lowercase\n\n_005.png
n_006,n,n,lowercase,media_1791224864924.jpg,lowercase_f_to_y,0,8,5,282,445,297,459,128,6.4,1934,81.2,11.88,0.7,0.7,REVIEW,SEVERE_BLUR,C:\Projects\Transcriber\dataset\glyphs\lowercase\n\n_006.png
n_007,n,n,lowercase,media_1791224864924.jpg,lowercase_f_to_y,0,8,6,344,446,359,460,128,6.4,2217,83.64,15.15,1.0,1.0,GOOD,NONE,C:\Projects\Transcriber\dataset\glyphs\lowercase\n\n_007.png
n_008,n,n,lowercase,media_1791224864924.jpg,lowercase_f_to_y,0,8,7,389,442,403,458,128,6.0,1980,92.04,13.58,0.7,0.7,REVIEW,SEVERE_BLUR,C:\Projects\Transcriber\dataset\glyphs\lowercase\n\n_008.png
n_009,n,n,lowercase,media_1791224864924.jpg,lowercase_f_to_y,0,8,8,444,440,458,454,128,6.857,2597,81.98,13.9,0.7,0.7,REVIEW,SEVERE_BLUR,C:\Projects\Transcriber\dataset\glyphs\lowercase\n\n_009.png
n_010,n,n,lowercase,media_1791224864924.jpg,lowercase_f_to_y,0,8,9,500,440,516,454,128,6.0,2052,82.83,24.96,1.0,1.0,GOOD,NONE,C:\Projects\Transcriber\dataset\glyphs\lowercase\n\n_010.png
n_011,n,n,lowercase,media_1791224864924.jpg,lowercase_f_to_y,0,8,10,550,438,566,453,128,6.0,2160,86.14,18.49,1.0,1.0,GOOD,NONE,C:\Projects\Transcriber\dataset\glyphs\lowercase\n\n_011.png
n_012,n,n,lowercase,media_1791224864924.jpg,lowercase_f_to_y,0,8,11,606,439,621,453,128,6.4,2266,96.86,16.35,1.0,1.0,GOOD,NONE,C:\Projects\Transcriber\dataset\glyphs\lowercase\n\n_012.png
n_013,n,n,lowercase,media_1791224864924.jpg,lowercase_f_to_y,0,8,12,652,439,667,454,128,6.4,2493,91.4,13.35,0.7,0.7,REVIEW,SEVERE_BLUR,C:\Projects\Transcriber\dataset\glyphs\lowercase\n\n_013.png
n_014,n,n,lowercase,media_1791224864924.jpg,lowercase_f_to_y,0,8,13,697,439,714,454,128,5.647,1969,98.46,31.96,1.0,1.0,GOOD,NONE,C:\Projects\Transcriber\dataset\glyphs\lowercase\n\n_014.png
o_001,o,o,lowercase,media_1791224864924.jpg,lowercase_f_to_y,0,9,0,37,488,51,503,128,6.4,2811,117.56,32.0,1.0,1.0,GOOD,NONE,C:\Projects\Transcriber\dataset\glyphs\lowercase\o\o_001.png
o_002,o,o,lowercase,media_1791224864924.jpg,lowercase_f_to_y,0,9,1,87,488,100,503,128,6.4,2517,99.64,26.73,1.0,1.0,GOOD,NONE,C:\Projects\Transcriber\dataset\glyphs\lowercase\o\o_002.png
o_003,o,o,lowercase,media_1791224864924.jpg,lowercase_f_to_y,0,9,2,133,487,149,502,128,6.0,2268,77.02,12.86,0.7,0.7,REVIEW,SEVERE_BLUR,C:\Projects\Transcriber\dataset\glyphs\lowercase\o\o_003.png
o_004,o,o,lowercase,media_1791224864924.jpg,lowercase_f_to_y,0,9,3,186,488,199,504,128,6.0,2196,83.51,18.67,1.0,1.0,GOOD,NONE,C:\Projects\Transcriber\dataset\glyphs\lowercase\o\o_004.png
o_005,o,o,lowercase,media_1791224864924.jpg,lowercase_f_to_y,0,9,4,235,489,250,504,128,6.4,2457,67.43,10.76,0.7,0.7,REVIEW,SEVERE_BLUR,C:\Projects\Transcriber\dataset\glyphs\lowercase\o\o_005.png
o_006,o,o,lowercase,media_1791224864924.jpg,lowercase_f_to_y,0,9,5,286,490,301,504,128,6.4,2525,68.09,10.68,0.7,0.7,REVIEW,SEVERE_BLUR,C:\Projects\Transcriber\dataset\glyphs\lowercase\o\o_006.png
o_007,o,o,lowercase,media_1791224864924.jpg,lowercase_f_to_y,0,9,6,334,487,348,501,128,6.857,2730,56.4,8.76,0.7,0.7,REVIEW,SEVERE_BLUR,C:\Projects\Transcriber\dataset\glyphs\lowercase\o\o_007.png
o_008,o,o,lowercase,media_1791224864924.jpg,lowercase_f_to_y,0,9,7,386,486,400,502,128,6.0,2340,63.85,12.22,0.7,0.7,REVIEW,SEVERE_BLUR,C:\Projects\Transcriber\dataset\glyphs\lowercase\o\o_008.png
o_009,o,o,lowercase,media_1791224864924.jpg,lowercase_f_to_y,0,9,8,431,486,445,501,128,6.4,2566,62.24,9.21,0.7,0.7,REVIEW,SEVERE_BLUR,C:\Projects\Transcriber\dataset\glyphs\lowercase\o\o_009.png
o_010,o,o,lowercase,media_1791224864924.jpg,lowercase_f_to_y,0,9,9,499,486,513,501,128,6.4,2622,62.6,9.78,0.7,0.7,REVIEW,SEVERE_BLUR,C:\Projects\Transcriber\dataset\glyphs\lowercase\o\o_010.png
o_011,o,o,lowercase,media_1791224864924.jpg,lowercase_f_to_y,0,9,10,550,486,566,502,128,6.0,2700,67.29,12.29,0.7,0.7,REVIEW,SEVERE_BLUR,C:\Projects\Transcriber\dataset\glyphs\lowercase\o\o_011.png
o_012,o,o,lowercase,media_1791224864924.jpg,lowercase_f_to_y,0,9,11,613,487,628,503,128,6.0,2412,77.88,19.96,1.0,1.0,GOOD,NONE,C:\Projects\Transcriber\dataset\glyphs\lowercase\o\o_012.png
o_013,o,o,lowercase,media_1791224864924.jpg,lowercase_f_to_y,0,9,12,652,489,667,503,128,6.4,2502,76.31,10.4,0.7,0.7,REVIEW,SEVERE_BLUR,C:\Projects\Transcriber\dataset\glyphs\lowercase\o\o_013.png
o_014,o,o,lowercase,media_1791224864924.jpg,lowercase_f_to_y,0,9,13,697,491,711,505,128,6.857,2625,88.8,17.29,1.0,1.0,GOOD,NONE,C:\Projects\Transcriber\dataset\glyphs\lowercase\o\o_014.png
p_001,p,p,lowercase,media_1791224864924.jpg,lowercase_f_to_y,0,10,0,33,534,47,553,128,5.053,1825,107.45,38.14,1.0,1.0,GOOD,NONE,C:\Projects\Transcriber\dataset\glyphs\lowercase\p\p_001.png
p_002,p,p,lowercase,media_1791224864924.jpg,lowercase_f_to_y,0,10,1,79,536,93,553,128,5.647,1957,107.52,26.89,1.0,1.0,GOOD,NONE,C:\Projects\Transcriber\dataset\glyphs\lowercase\p\p_002.png
p_003,p,p,lowercase,media_1791224864924.jpg,lowercase_f_to_y,0,10,2,131,535,145,554,128,5.053,1825,103.43,42.5,1.0,1.0,GOOD,NONE,C:\Projects\Transcriber\dataset\glyphs\lowercase\p\p_003.png
p_004,p,p,lowercase,media_1791224864924.jpg,lowercase_f_to_y,0,10,3,182,534,198,552,128,5.333,2088,106.7,19.87,1.0,1.0,GOOD,NONE,C:\Projects\Transcriber\dataset\glyphs\lowercase\p\p_004.png
p_005,p,p,lowercase,media_1791224864924.jpg,lowercase_f_to_y,0,10,4,233,535,245,554,128,5.053,1725,114.2,40.92,1.0,1.0,GOOD,NONE,C:\Projects\Transcriber\dataset\glyphs\lowercase\p\p_005.png
p_006,p,p,lowercase,media_1791224864924.jpg,lowercase_f_to_y,0,10,5,287,533,302,552,128,5.053,1750,89.16,29.45,1.0,1.0,GOOD,NONE,C:\Projects\Transcriber\dataset\glyphs\lowercase\p\p_006.png
p_007,p,p,lowercase,media_1791224864924.jpg,lowercase_f_to_y,0,10,6,338,533,353,552,128,5.053,1975,85.55,17.75,1.0,1.0,GOOD,NONE,C:\Projects\Transcriber\dataset\glyphs\lowercase\p\p_007.png
p_008,p,p,lowercase,media_1791224864924.jpg,lowercase_f_to_y,0,10,7,385,533,400,551,128,5.333,2053,87.23,16.44,1.0,1.0,GOOD,NONE,C:\Projects\Transcriber\dataset\glyphs\lowercase\p\p_008.png
p_009,p,p,lowercase,media_1791224864924.jpg,lowercase_f_to_y,0,10,8,437,532,454,549,128,5.647,2374,81.91,15.07,1.0,1.0,GOOD,NONE,C:\Projects\Transcriber\dataset\glyphs\lowercase\p\p_009.png
p_010,p,p,lowercase,media_1791224864924.jpg,lowercase_f_to_y,0,10,9,492,532,508,549,128,5.647,2374,79.45,19.7,1.0,1.0,GOOD,NONE,C:\Projects\Transcriber\dataset\glyphs\lowercase\p\p_010.png
p_011,p,p,lowercase,media_1791224864924.jpg,lowercase_f_to_y,0,10,10,547,532,562,551,128,5.053,2075,80.45,30.35,1.0,1.0,GOOD,NONE,C:\Projects\Transcriber\dataset\glyphs\lowercase\p\p_011.png
p_012,p,p,lowercase,media_1791224864924.jpg,lowercase_f_to_y,0,10,11,602,532,617,553,128,4.571,1836,92.36,28.15,1.0,1.0,GOOD,NONE,C:\Projects\Transcriber\dataset\glyphs\lowercase\p\p_012.png
p_013,p,p,lowercase,media_1791224864924.jpg,lowercase_f_to_y,0,10,12,646,533,660,552,128,5.053,1825,96.86,26.46,1.0,1.0,GOOD,NONE,C:\Projects\Transcriber\dataset\glyphs\lowercase\p\p_013.png
p_014,p,p,lowercase,media_1791224864924.jpg,lowercase_f_to_y,0,10,13,692,538,707,556,128,5.333,2167,103.64,36.27,1.0,1.0,GOOD,NONE,C:\Projects\Transcriber\dataset\glyphs\lowercase\p\p_014.png
q_001,q,q,lowercase,media_1791224864924.jpg,lowercase_f_to_y,0,11,0,28,583,43,604,128,4.571,1518,116.84,57.69,1.0,1.0,GOOD,NONE,C:\Projects\Transcriber\dataset\glyphs\lowercase\q\q_001.png
q_002,q,q,lowercase,media_1791224864924.jpg,lowercase_f_to_y,0,11,1,81,582,95,601,128,5.053,1575,99.15,31.7,1.0,1.0,GOOD,NONE,C:\Projects\Transcriber\dataset\glyphs\lowercase\q\q_002.png
q_003,q,q,lowercase,media_1791224864924.jpg,lowercase_f_to_y,0,11,2,134,580,151,600,128,4.8,1704,93.55,27.17,1.0,1.0,GOOD,NONE,C:\Projects\Transcriber\dataset\glyphs\lowercase\q\q_003.png
q_004,q,q,lowercase,media_1791224864924.jpg,lowercase_f_to_y,0,11,3,182,579,199,600,128,4.571,1615,84.13,32.66,1.0,1.0,GOOD,NONE,C:\Projects\Transcriber\dataset\glyphs\lowercase\q\q_004.png
q_005,q,q,lowercase,media_1791224864924.jpg,lowercase_f_to_y,0,11,4,238,578,252,599,128,4.571,1518,82.44,43.84,1.0,1.0,GOOD,NONE,C:\Projects\Transcriber\dataset\glyphs\lowercase\q\q_005.png
q_006,q,q,lowercase,media_1791224864924.jpg,lowercase_f_to_y,0,11,5,281,578,296,600,128,4.364,1558,79.45,45.07,1.0,1.0,GOOD,NONE,C:\Projects\Transcriber\dataset\glyphs\lowercase\q\q_006.png
q_007,q,q,lowercase,media_1791224864924.jpg,lowercase_f_to_y,0,11,6,334,577,349,598,128,4.571,1570,79.89,25.42,1.0,1.0,GOOD,NONE,C:\Projects\Transcriber\dataset\glyphs\lowercase\q\q_007.png
q_008,q,q,lowercase,media_1791224864924.jpg,lowercase_f_to_y,0,11,7,374,577,388,596,128,5.053,1575,80.08,22.11,1.0,1.0,GOOD,NONE,C:\Projects\Transcriber\dataset\glyphs\lowercase\q\q_008.png
q_009,q,q,lowercase,media_1791224864924.jpg,lowercase_f_to_y,0,11,8,439,578,453,599,128,4.571,1495,77.74,26.67,1.0,1.0,GOOD,NONE,C:\Projects\Transcriber\dataset\glyphs\lowercase\q\q_009.png
q_010,q,q,lowercase,media_1791224864924.jpg,lowercase_f_to_y,0,11,9,498,578,511,599,128,4.571,1411,80.05,34.26,1.0,1.0,GOOD,NONE,C:\Projects\Transcriber\dataset\glyphs\lowercase\q\q_010.png
q_011,q,q,lowercase,media_1791224864924.jpg,lowercase_f_to_y,0,11,10,554,580,568,600,128,4.8,1605,82.82,30.24,1.0,1.0,GOOD,NONE,C:\Projects\Transcriber\dataset\glyphs\lowercase\q\q_011.png
q_012,q,q,lowercase,media_1791224864924.jpg,lowercase_f_to_y,0,11,11,610,580,623,601,128,4.571,1436,91.68,62.8,1.0,1.0,GOOD,NONE,C:\Projects\Transcriber\dataset\glyphs\lowercase\q\q_012.png
q_013,q,q,lowercase,media_1791224864924.jpg,lowercase_f_to_y,0,11,12,658,581,671,603,128,4.364,1340,94.36,37.68,1.0,1.0,GOOD,NONE,C:\Projects\Transcriber\dataset\glyphs\lowercase\q\q_013.png
q_014,q,q,lowercase,media_1791224864924.jpg,lowercase_f_to_y,0,11,13,695,582,705,602,128,4.8,1343,107.22,63.89,1.0,1.0,GOOD,NONE,C:\Projects\Transcriber\dataset\glyphs\lowercase\q\q_014.png
r_001,r,r,lowercase,media_1791224864924.jpg,lowercase_f_to_y,0,12,0,25,636,42,650,128,5.647,1517,93.9,19.35,1.0,1.0,GOOD,NONE,C:\Projects\Transcriber\dataset\glyphs\lowercase\r\r_001.png
r_002,r,r,lowercase,media_1791224864924.jpg,lowercase_f_to_y,0,12,1,89,638,102,652,128,6.857,1856,91.53,15.41,1.0,1.0,GOOD,NONE,C:\Projects\Transcriber\dataset\glyphs\lowercase\r\r_002.png
r_003,r,r,lowercase,media_1791224864924.jpg,lowercase_f_to_y,0,12,2,142,638,154,652,128,6.857,1695,84.87,13.93,0.7,0.7,REVIEW,SEVERE_BLUR,C:\Projects\Transcriber\dataset\glyphs\lowercase\r\r_003.png
r_004,r,r,lowercase,media_1791224864924.jpg,lowercase_f_to_y,0,12,3,185,637,198,652,128,6.4,1773,89.65,17.23,1.0,1.0,GOOD,NONE,C:\Projects\Transcriber\dataset\glyphs\lowercase\r\r_004.png
r_005,r,r,lowercase,media_1791224864924.jpg,lowercase_f_to_y,0,12,4,238,638,251,651,128,7.385,2400,87.92,11.32,0.7,0.7,REVIEW,SEVERE_BLUR,C:\Projects\Transcriber\dataset\glyphs\lowercase\r\r_005.png
r_006,r,r,lowercase,media_1791224864924.jpg,lowercase_f_to_y,0,12,5,284,637,296,651,128,6.857,1590,90.84,9.68,0.7,0.7,REVIEW,SEVERE_BLUR,C:\Projects\Transcriber\dataset\glyphs\lowercase\r\r_006.png
r_007,r,r,lowercase,media_1791224864924.jpg,lowercase_f_to_y,0,12,6,342,637,354,652,128,6.4,1661,95.18,8.8,0.7,0.7,REVIEW,SEVERE_BLUR,C:\Projects\Transcriber\dataset\glyphs\lowercase\r\r_007.png
r_008,r,r,lowercase,media_1791224864924.jpg,lowercase_f_to_y,0,12,7,384,637,395,650,128,7.385,1782,92.09,6.02,0.7,0.7,REVIEW,SEVERE_BLUR,C:\Projects\Transcriber\dataset\glyphs\lowercase\r\r_008.png
r_009,r,r,lowercase,media_1791224864924.jpg,lowercase_f_to_y,0,12,8,442,636,454,650,128,6.857,1737,79.98,10.56,0.7,0.7,REVIEW,SEVERE_BLUR,C:\Projects\Transcriber\dataset\glyphs\lowercase\r\r_009.png
r_010,r,r,lowercase,media_1791224864924.jpg,lowercase_f_to_y,0,12,9,487,636,500,650,128,6.857,1891,82.62,9.01,0.7,0.7,REVIEW,SEVERE_BLUR,C:\Projects\Transcriber\dataset\glyphs\lowercase\r\r_010.png
r_011,r,r,lowercase,media_1791224864924.jpg,lowercase_f_to_y,0,12,10,551,636,570,651,128,5.053,1200,74.9,16.37,1.0,1.0,GOOD,NONE,C:\Projects\Transcriber\dataset\glyphs\lowercase\r\r_011.png
r_012,r,r,lowercase,media_1791224864924.jpg,lowercase_f_to_y,0,12,11,608,639,621,652,128,7.385,2044,85.14,8.03,0.7,0.7,REVIEW,SEVERE_BLUR,C:\Projects\Transcriber\dataset\glyphs\lowercase\r\r_012.png
r_013,r,r,lowercase,media_1791224864924.jpg,lowercase_f_to_y,0,12,12,657,641,671,654,128,6.857,1869,89.14,12.5,0.7,0.7,REVIEW,SEVERE_BLUR,C:\Projects\Transcriber\dataset\glyphs\lowercase\r\r_013.png
r_014,r,r,lowercase,media_1791224864924.jpg,lowercase_f_to_y,0,12,13,689,640,705,651,128,6.0,1368,87.13,23.36,1.0,1.0,GOOD,NONE,C:\Projects\Transcriber\dataset\glyphs\lowercase\r\r_014.png
s_001,s,s,lowercase,media_1791224864924.jpg,lowercase_f_to_y,0,13,0,29,689,44,708,128,5.053,1800,114.39,39.92,1.0,1.0,GOOD,NONE,C:\Projects\Transcriber\dataset\glyphs\lowercase\s\s_001.png
s_002,s,s,lowercase,media_1791224864924.jpg,lowercase_f_to_y,0,13,1,83,690,99,709,128,5.053,1450,80.45,19.22,1.0,1.0,GOOD,NONE,C:\Projects\Transcriber\dataset\glyphs\lowercase\s\s_002.png
s_003,s,s,lowercase,media_1791224864924.jpg,lowercase_f_to_y,0,13,2,137,690,150,708,128,5.333,1371,99.62,21.18,1.0,1.0,GOOD,NONE,C:\Projects\Transcriber\dataset\glyphs\lowercase\s\s_003.png
s_004,s,s,lowercase,media_1791224864924.jpg,lowercase_f_to_y,0,13,3,182,692,194,708,128,6.0,1836,115.69,23.12,1.0,1.0,GOOD,NONE,C:\Projects\Transcriber\dataset\glyphs\lowercase\s\s_004.png
s_005,s,s,lowercase,media_1791224864924.jpg,lowercase_f_to_y,0,13,4,227,689,238,708,128,5.053,1300,86.01,33.51,1.0,1.0,GOOD,NONE,C:\Projects\Transcriber\dataset\glyphs\lowercase\s\s_005.png
s_006,s,s,lowercase,media_1791224864924.jpg,lowercase_f_to_y,0,13,5,284,689,297,707,128,5.333,1662,83.55,25.81,1.0,1.0,GOOD,NONE,C:\Projects\Transcriber\dataset\glyphs\lowercase\s\s_006.png
s_007,s,s,lowercase,media_1791224864924.jpg,lowercase_f_to_y,0,13,6,333,688,347,706,128,5.333,1412,73.44,12.32,0.7,0.7,REVIEW,SEVERE_BLUR,C:\Projects\Transcriber\dataset\glyphs\lowercase\s\s_007.png
s_008,s,s,lowercase,media_1791224864924.jpg,lowercase_f_to_y,0,13,7,386,687,400,706,128,5.053,1325,67.83,13.81,0.7,0.7,REVIEW,SEVERE_BLUR,C:\Projects\Transcriber\dataset\glyphs\lowercase\s\s_008.png
s_009,s,s,lowercase,media_1791224864924.jpg,lowercase_f_to_y,0,13,8,439,687,455,706,128,5.053,1450,68.81,11.81,0.7,0.7,REVIEW,SEVERE_BLUR,C:\Projects\Transcriber\dataset\glyphs\lowercase\s\s_009.png
s_010,s,s,lowercase,media_1791224864924.jpg,lowercase_f_to_y,0,13,9,497,691,511,707,128,6.0,1512,80.02,11.72,0.7,0.7,REVIEW,SEVERE_BLUR,C:\Projects\Transcriber\dataset\glyphs\lowercase\s\s_010.png
s_011,s,s,lowercase,media_1791224864924.jpg,lowercase_f_to_y,0,13,10,545,689,558,707,128,5.333,1406,71.55,17.03,1.0,1.0,GOOD,NONE,C:\Projects\Transcriber\dataset\glyphs\lowercase\s\s_011.png
s_012,s,s,lowercase,media_1791224864924.jpg,lowercase_f_to_y,0,13,11,601,691,614,708,128,5.647,1591,72.84,17.03,1.0,1.0,GOOD,NONE,C:\Projects\Transcriber\dataset\glyphs\lowercase\s\s_012.png
s_013,s,s,lowercase,media_1791224864924.jpg,lowercase_f_to_y,0,13,12,646,693,657,710,128,5.647,1507,80.28,23.72,1.0,1.0,GOOD,NONE,C:\Projects\Transcriber\dataset\glyphs\lowercase\s\s_013.png
s_014,s,s,lowercase,media_1791224864924.jpg,lowercase_f_to_y,0,13,13,698,694,714,711,128,5.647,1613,93.65,20.03,1.0,1.0,GOOD,NONE,C:\Projects\Transcriber\dataset\glyphs\lowercase\s\s_014.png
t_001,t,t,lowercase,media_1791224864924.jpg,lowercase_f_to_y,0,14,0,28,738,42,758,128,4.8,1468,116.58,37.32,1.0,1.0,GOOD,NONE,C:\Projects\Transcriber\dataset\glyphs\lowercase\t\t_001.png
t_002,t,t,lowercase,media_1791224864924.jpg,lowercase_f_to_y,0,14,1,79,737,92,758,128,4.571,1338,102.92,52.35,1.0,1.0,GOOD,NONE,C:\Projects\Transcriber\dataset\glyphs\lowercase\t\t_002.png
t_003,t,t,lowercase,media_1791224864924.jpg,lowercase_f_to_y,0,14,2,137,740,151,758,128,5.333,1601,117.04,32.4,1.0,1.0,GOOD,NONE,C:\Projects\Transcriber\dataset\glyphs\lowercase\t\t_003.png
t_004,t,t,lowercase,media_1791224864924.jpg,lowercase_f_to_y,0,14,3,184,739,198,758,128,5.053,1550,106.31,25.02,1.0,1.0,GOOD,NONE,C:\Projects\Transcriber\dataset\glyphs\lowercase\t\t_004.png
t_005,t,t,lowercase,media_1791224864924.jpg,lowercase_f_to_y,0,14,4,236,738,252,759,128,4.571,1459,101.77,27.89,1.0,1.0,GOOD,NONE,C:\Projects\Transcriber\dataset\glyphs\lowercase\t\t_005.png
t_006,t,t,lowercase,media_1791224864924.jpg,lowercase_f_to_y,0,14,5,279,737,297,757,128,4.8,1585,78.43,17.54,1.0,1.0,GOOD,NONE,C:\Projects\Transcriber\dataset\glyphs\lowercase\t\t_006.png
t_007,t,t,lowercase,media_1791224864924.jpg,lowercase_f_to_y,0,14,6,337,739,353,760,128,4.571,1413,87.48,37.41,1.0,1.0,GOOD,NONE,C:\Projects\Transcriber\dataset\glyphs\lowercase\t\t_007.png
t_008,t,t,lowercase,media_1791224864924.jpg,lowercase_f_to_y,0,14,7,384,739,400,758,128,5.053,1525,85.88,27.8,1.0,1.0,GOOD,NONE,C:\Projects\Transcriber\dataset\glyphs\lowercase\t\t_008.png
t_009,t,t,lowercase,media_1791224864924.jpg,lowercase_f_to_y,0,14,8,438,739,453,759,128,4.8,1459,90.83,25.24,1.0,1.0,GOOD,NONE,C:\Projects\Transcriber\dataset\glyphs\lowercase\t\t_009.png
t_010,t,t,lowercase,media_1791224864924.jpg,lowercase_f_to_y,0,14,9,503,740,520,759,128,5.053,1625,93.39,21.76,1.0,1.0,GOOD,NONE,C:\Projects\Transcriber\dataset\glyphs\lowercase\t\t_010.png
t_011,t,t,lowercase,media_1791224864924.jpg,lowercase_f_to_y,0,14,10,553,742,569,761,128,5.053,1500,100.11,20.2,1.0,1.0,GOOD,NONE,C:\Projects\Transcriber\dataset\glyphs\lowercase\t\t_011.png
t_012,t,t,lowercase,media_1791224864924.jpg,lowercase_f_to_y,0,14,11,602,743,617,762,128,5.053,1600,96.31,37.65,1.0,1.0,GOOD,NONE,C:\Projects\Transcriber\dataset\glyphs\lowercase\t\t_012.png
t_013,t,t,lowercase,media_1791224864924.jpg,lowercase_f_to_y,0,14,12,659,747,674,766,128,5.053,1525,84.55,32.16,1.0,1.0,GOOD,NONE,C:\Projects\Transcriber\dataset\glyphs\lowercase\t\t_013.png
t_014,t,t,lowercase,media_1791224864924.jpg,lowercase_f_to_y,0,14,13,691,746,705,765,128,5.053,1350,94.02,47.55,1.0,1.0,GOOD,NONE,C:\Projects\Transcriber\dataset\glyphs\lowercase\t\t_014.png
u_001,u,u,lowercase,media_1791224864924.jpg,lowercase_f_to_y,0,15,0,25,788,40,803,128,6.4,2549,104.87,15.96,1.0,1.0,GOOD,NONE,C:\Projects\Transcriber\dataset\glyphs\lowercase\u\u_001.png
u_002,u,u,lowercase,media_1791224864924.jpg,lowercase_f_to_y,0,15,1,73,790,84,804,128,6.857,2296,102.56,22.41,1.0,1.0,GOOD,NONE,C:\Projects\Transcriber\dataset\glyphs\lowercase\u\u_002.png
u_003,u,u,lowercase,media_1791224864924.jpg,lowercase_f_to_y,0,15,2,128,791,142,806,128,6.4,2207,99.68,19.79,1.0,1.0,GOOD,NONE,C:\Projects\Transcriber\dataset\glyphs\lowercase\u\u_003.png
u_004,u,u,lowercase,media_1791224864924.jpg,lowercase_f_to_y,0,15,3,177,792,191,806,128,6.857,2730,88.17,16.03,1.0,1.0,GOOD,NONE,C:\Projects\Transcriber\dataset\glyphs\lowercase\u\u_004.png
u_005,u,u,lowercase,media_1791224864924.jpg,lowercase_f_to_y,0,15,4,231,791,245,806,128,6.4,2521,75.75,12.06,0.7,0.7,REVIEW,SEVERE_BLUR,C:\Projects\Transcriber\dataset\glyphs\lowercase\u\u_005.png
u_006,u,u,lowercase,media_1791224864924.jpg,lowercase_f_to_y,0,15,5,278,791,291,806,128,6.4,2016,86.59,17.06,1.0,1.0,GOOD,NONE,C:\Projects\Transcriber\dataset\glyphs\lowercase\u\u_006.png
u_007,u,u,lowercase,media_1791224864924.jpg,lowercase_f_to_y,0,15,6,327,790,342,805,128,6.4,2213,83.34,10.6,0.7,0.7,REVIEW,SEVERE_BLUR,C:\Projects\Transcriber\dataset\glyphs\lowercase\u\u_007.png
u_008,u,u,lowercase,media_1791224864924.jpg,lowercase_f_to_y,0,15,7,384,792,399,806,128,6.4,2467,94.26,20.88,1.0,1.0,GOOD,NONE,C:\Projects\Transcriber\dataset\glyphs\lowercase\u\u_008.png
u_009,u,u,lowercase,media_1791224864924.jpg,lowercase_f_to_y,0,15,8,439,792,455,807,128,6.0,2232,87.36,21.97,1.0,1.0,GOOD,NONE,C:\Projects\Transcriber\dataset\glyphs\lowercase\u\u_009.png
u_010,u,u,lowercase,media_1791224864924.jpg,lowercase_f_to_y,0,15,9,495,795,511,809,128,6.0,2052,85.61,21.11,1.0,1.0,GOOD,NONE,C:\Projects\Transcriber\dataset\glyphs\lowercase\u\u_010.png
u_011,u,u,lowercase,media_1791224864924.jpg,lowercase_f_to_y,0,15,10,548,798,564,811,128,6.0,1908,86.63,18.5,1.0,1.0,GOOD,NONE,C:\Projects\Transcriber\dataset\glyphs\lowercase\u\u_011.png
u_012,u,u,lowercase,media_1791224864924.jpg,lowercase_f_to_y,0,15,11,604,800,619,813,128,6.4,2259,88.02,17.92,1.0,1.0,GOOD,NONE,C:\Projects\Transcriber\dataset\glyphs\lowercase\u\u_012.png
u_013,u,u,lowercase,media_1791224864924.jpg,lowercase_f_to_y,0,15,12,651,804,668,818,128,5.647,1907,87.76,15.87,1.0,1.0,GOOD,NONE,C:\Projects\Transcriber\dataset\glyphs\lowercase\u\u_013.png
u_014,u,u,lowercase,media_1791224864924.jpg,lowercase_f_to_y,0,15,13,693,804,708,815,128,6.4,1794,71.04,17.39,1.0,1.0,GOOD,NONE,C:\Projects\Transcriber\dataset\glyphs\lowercase\u\u_014.png
v_001,v,v,lowercase,media_1791224864924.jpg,lowercase_f_to_y,0,16,0,24,835,39,852,128,5.647,1921,93.21,20.99,1.0,1.0,GOOD,NONE,C:\Projects\Transcriber\dataset\glyphs\lowercase\v\v_001.png
v_002,v,v,lowercase,media_1791224864924.jpg,lowercase_f_to_y,0,16,1,80,837,96,852,128,6.0,2160,100.16,24.32,1.0,1.0,GOOD,NONE,C:\Projects\Transcriber\dataset\glyphs\lowercase\v\v_002.png
v_003,v,v,lowercase,media_1791224864924.jpg,lowercase_f_to_y,0,16,2,124,836,138,851,128,6.4,2099,91.54,14.23,0.7,0.7,REVIEW,SEVERE_BLUR,C:\Projects\Transcriber\dataset\glyphs\lowercase\v\v_003.png
v_004,v,v,lowercase,media_1791224864924.jpg,lowercase_f_to_y,0,16,3,182,840,198,852,128,6.0,1440,101.65,22.87,1.0,1.0,GOOD,NONE,C:\Projects\Transcriber\dataset\glyphs\lowercase\v\v_004.png
v_005,v,v,lowercase,media_1791224864924.jpg,lowercase_f_to_y,0,16,4,223,840,238,853,128,6.4,1746,96.5,17.99,1.0,1.0,GOOD,NONE,C:\Projects\Transcriber\dataset\glyphs\lowercase\v\v_005.png
v_006,v,v,lowercase,media_1791224864924.jpg,lowercase_f_to_y,0,16,5,274,841,292,855,128,5.333,1405,91.87,26.29,1.0,1.0,GOOD,NONE,C:\Projects\Transcriber\dataset\glyphs\lowercase\v\v_006.png
v_007,v,v,lowercase,media_1791224864924.jpg,lowercase_f_to_y,0,16,6,330,842,347,855,128,5.647,1495,92.24,25.02,1.0,1.0,GOOD,NONE,C:\Projects\Transcriber\dataset\glyphs\lowercase\v\v_007.png
v_008,v,v,lowercase,media_1791224864924.jpg,lowercase_f_to_y,0,16,7,382,846,400,858,128,5.333,1321,90.41,26.48,1.0,1.0,GOOD,NONE,C:\Projects\Transcriber\dataset\glyphs\lowercase\v\v_008.png
v_009,v,v,lowercase,media_1791224864924.jpg,lowercase_f_to_y,0,16,8,438,848,451,861,128,7.385,2239,114.26,14.7,0.7,0.7,REVIEW,SEVERE_BLUR,C:\Projects\Transcriber\dataset\glyphs\lowercase\v\v_009.png
v_010,v,v,lowercase,media_1791224864924.jpg,lowercase_f_to_y,0,16,9,497,850,512,863,128,6.4,1655,88.64,13.03,0.7,0.7,REVIEW,SEVERE_BLUR,C:\Projects\Transcriber\dataset\glyphs\lowercase\v\v_010.png
v_011,v,v,lowercase,media_1791224864924.jpg,lowercase_f_to_y,0,16,10,554,852,570,865,128,6.0,1620,94.54,18.49,1.0,1.0,GOOD,NONE,C:\Projects\Transcriber\dataset\glyphs\lowercase\v\v_011.png
v_012,v,v,lowercase,media_1791224864924.jpg,lowercase_f_to_y,0,16,11,600,849,613,862,128,7.385,2086,103.44,11.6,0.7,0.7,REVIEW,SEVERE_BLUR,C:\Projects\Transcriber\dataset\glyphs\lowercase\v\v_012.png
v_013,v,v,lowercase,media_1791224864924.jpg,lowercase_f_to_y,0,16,12,654,851,673,865,128,5.053,1400,97.44,28.02,1.0,1.0,GOOD,NONE,C:\Projects\Transcriber\dataset\glyphs\lowercase\v\v_013.png
v_014,v,v,lowercase,media_1791224864924.jpg,lowercase_f_to_y,0,16,13,698,849,714,861,128,6.0,1728,86.28,15.59,1.0,1.0,GOOD,NONE,C:\Projects\Transcriber\dataset\glyphs\lowercase\v\v_014.png
w_001,w,w,lowercase,media_1791224864924.jpg,lowercase_f_to_y,0,17,0,12,888,30,902,128,5.333,2052,85.8,23.45,1.0,1.0,GOOD,NONE,C:\Projects\Transcriber\dataset\glyphs\lowercase\w\w_001.png
w_002,w,w,lowercase,media_1791224864924.jpg,lowercase_f_to_y,0,17,1,72,887,92,901,128,4.8,1755,82.22,29.06,1.0,1.0,GOOD,NONE,C:\Projects\Transcriber\dataset\glyphs\lowercase\w\w_002.png
w_003,w,w,lowercase,media_1791224864924.jpg,lowercase_f_to_y,0,17,2,123,887,141,902,128,5.333,1968,89.26,21.09,1.0,1.0,GOOD,NONE,C:\Projects\Transcriber\dataset\glyphs\lowercase\w\w_003.png
w_004,w,w,lowercase,media_1791224864924.jpg,lowercase_f_to_y,0,17,3,170,888,185,900,128,6.4,1779,87.0,15.26,1.0,1.0,GOOD,NONE,C:\Projects\Transcriber\dataset\glyphs\lowercase\w\w_004.png
w_005,w,w,lowercase,media_1791224864924.jpg,lowercase_f_to_y,0,17,4,228,889,246,903,128,5.333,1842,94.5,28.03,1.0,1.0,GOOD,NONE,C:\Projects\Transcriber\dataset\glyphs\lowercase\w\w_005.png
w_006,w,w,lowercase,media_1791224864924.jpg,lowercase_f_to_y,0,17,5,277,891,295,904,128,5.333,1928,90.28,30.09,1.0,1.0,GOOD,NONE,C:\Projects\Transcriber\dataset\glyphs\lowercase\w\w_006.png
w_007,w,w,lowercase,media_1791224864924.jpg,lowercase_f_to_y,0,17,6,334,892,352,905,128,5.333,1958,99.64,36.41,1.0,1.0,GOOD,NONE,C:\Projects\Transcriber\dataset\glyphs\lowercase\w\w_007.png
w_008,w,w,lowercase,media_1791224864924.jpg,lowercase_f_to_y,0,17,7,379,896,395,909,128,6.0,2088,97.71,31.0,1.0,1.0,GOOD,NONE,C:\Projects\Transcriber\dataset\glyphs\lowercase\w\w_008.png
w_009,w,w,lowercase,media_1791224864924.jpg,lowercase_f_to_y,0,17,8,430,896,446,909,128,6.0,1836,98.19,30.9,1.0,1.0,GOOD,NONE,C:\Projects\Transcriber\dataset\glyphs\lowercase\w\w_009.png
w_010,w,w,lowercase,media_1791224864924.jpg,lowercase_f_to_y,0,17,9,490,899,509,913,128,5.053,1800,99.21,54.01,1.0,1.0,GOOD,NONE,C:\Projects\Transcriber\dataset\glyphs\lowercase\w\w_010.png
w_011,w,w,lowercase,media_1791224864924.jpg,lowercase_f_to_y,0,17,10,552,901,569,913,128,5.647,1675,91.15,33.14,1.0,1.0,GOOD,NONE,C:\Projects\Transcriber\dataset\glyphs\lowercase\w\w_011.png
w_012,w,w,lowercase,media_1791224864924.jpg,lowercase_f_to_y,0,17,11,601,902,620,915,128,5.053,1625,83.1,30.15,1.0,1.0,GOOD,NONE,C:\Projects\Transcriber\dataset\glyphs\lowercase\w\w_012.png
w_013,w,w,lowercase,media_1791224864924.jpg,lowercase_f_to_y,0,17,12,656,905,675,917,128,5.053,1650,91.66,47.59,1.0,1.0,GOOD,NONE,C:\Projects\Transcriber\dataset\glyphs\lowercase\w\w_013.png
w_014,w,w,lowercase,media_1791224864924.jpg,lowercase_f_to_y,0,17,13,687,903,705,917,128,5.333,1791,77.35,21.27,1.0,1.0,GOOD,NONE,C:\Projects\Transcriber\dataset\glyphs\lowercase\w\w_014.png
x_001,x,x,lowercase,media_1791224864924.jpg,lowercase_f_to_y,0,18,0,24,931,40,951,128,4.8,1919,105.8,14.2,0.7,0.7,REVIEW,SEVERE_BLUR,C:\Projects\Transcriber\dataset\glyphs\lowercase\x\x_001.png
x_002,x,x,lowercase,media_1791224864924.jpg,lowercase_f_to_y,0,18,1,80,936,94,952,128,6.0,1944,110.86,9.87,0.7,0.7,REVIEW,SEVERE_BLUR,C:\Projects\Transcriber\dataset\glyphs\lowercase\x\x_002.png
x_003,x,x,lowercase,media_1791224864924.jpg,lowercase_f_to_y,0,18,2,131,937,147,952,128,6.0,2268,94.93,14.25,0.7,0.7,REVIEW,SEVERE_BLUR,C:\Projects\Transcriber\dataset\glyphs\lowercase\x\x_003.png
x_004,x,x,lowercase,media_1791224864924.jpg,lowercase_f_to_y,0,18,3,182,937,196,953,128,6.0,2160,106.09,21.9,1.0,1.0,GOOD,NONE,C:\Projects\Transcriber\dataset\glyphs\lowercase\x\x_004.png
x_005,x,x,lowercase,media_1791224864924.jpg,lowercase_f_to_y,0,18,4,231,940,245,955,128,6.4,2431,86.95,13.9,0.7,0.7,REVIEW,SEVERE_BLUR,C:\Projects\Transcriber\dataset\glyphs\lowercase\x\x_005.png
x_006,x,x,lowercase,media_1791224864924.jpg,lowercase_f_to_y,0,18,5,279,940,293,956,128,6.0,1944,103.32,14.79,0.7,0.7,REVIEW,SEVERE_BLUR,C:\Projects\Transcriber\dataset\glyphs\lowercase\x\x_006.png
x_007,x,x,lowercase,media_1791224864924.jpg,lowercase_f_to_y,0,18,6,325,941,340,957,128,6.0,2196,99.13,12.63,0.7,0.7,REVIEW,SEVERE_BLUR,C:\Projects\Transcriber\dataset\glyphs\lowercase\x\x_007.png
x_008,x,x,lowercase,media_1791224864924.jpg,lowercase_f_to_y,0,18,7,380,943,398,958,128,5.333,1877,87.08,16.99,1.0,1.0,GOOD,NONE,C:\Projects\Transcriber\dataset\glyphs\lowercase\x\x_008.png
x_009,x,x,lowercase,media_1791224864924.jpg,lowercase_f_to_y,0,18,8,441,944,456,960,128,6.0,2088,95.71,13.69,0.7,0.7,REVIEW,SEVERE_BLUR,C:\Projects\Transcriber\dataset\glyphs\lowercase\x\x_009.png
x_010,x,x,lowercase,media_1791224864924.jpg,lowercase_f_to_y,0,18,9,508,948,524,965,128,5.647,2050,96.5,17.37,1.0,1.0,GOOD,NONE,C:\Projects\Transcriber\dataset\glyphs\lowercase\x\x_010.png
x_011,x,x,lowercase,media_1791224864924.jpg,lowercase_f_to_y,0,18,10,558,952,574,968,128,6.0,2160,87.81,14.33,0.7,0.7,REVIEW,SEVERE_BLUR,C:\Projects\Transcriber\dataset\glyphs\lowercase\x\x_011.png
x_012,x,x,lowercase,media_1791224864924.jpg,lowercase_f_to_y,0,18,11,609,956,624,971,128,6.4,2602,91.93,10.86,0.7,0.7,REVIEW,SEVERE_BLUR,C:\Projects\Transcriber\dataset\glyphs\lowercase\x\x_012.png
x_013,x,x,lowercase,media_1791224864924.jpg,lowercase_f_to_y,0,18,12,654,956,670,971,128,6.0,2160,86.19,11.17,0.7,0.7,REVIEW,SEVERE_BLUR,C:\Projects\Transcriber\dataset\glyphs\lowercase\x\x_013.png
x_014,x,x,lowercase,media_1791224864924.jpg,lowercase_f_to_y,0,18,13,693,956,707,971,128,6.4,2315,78.03,8.16,0.7,0.7,REVIEW,SEVERE_BLUR,C:\Projects\Transcriber\dataset\glyphs\lowercase\x\x_014.png
y_001,y,y,lowercase,media_1791224864924.jpg,lowercase_f_to_y,0,19,0,21,978,36,997,128,5.053,2000,68.6,14.09,0.7,0.7,REVIEW,SEVERE_BLUR,C:\Projects\Transcriber\dataset\glyphs\lowercase\y\y_001.png
y_002,y,y,lowercase,media_1791224864924.jpg,lowercase_f_to_y,0,19,1,77,986,92,1000,128,6.4,2653,76.63,9.64,0.7,0.7,REVIEW,SEVERE_BLUR,C:\Projects\Transcriber\dataset\glyphs\lowercase\y\y_002.png
y_003,y,y,lowercase,media_1791224864924.jpg,lowercase_f_to_y,0,19,2,132,985,147,1002,128,5.647,2156,79.87,11.06,0.7,0.7,REVIEW,SEVERE_BLUR,C:\Projects\Transcriber\dataset\glyphs\lowercase\y\y_003.png
y_004,y,y,lowercase,media_1791224864924.jpg,lowercase_f_to_y,0,19,3,180,986,195,1002,128,6.0,2304,83.99,14.62,0.7,0.7,REVIEW,SEVERE_BLUR,C:\Projects\Transcriber\dataset\glyphs\lowercase\y\y_004.png
y_005,y,y,lowercase,media_1791224864924.jpg,lowercase_f_to_y,0,19,4,231,987,248,1004,128,5.647,2287,82.32,11.66,0.7,0.7,REVIEW,SEVERE_BLUR,C:\Projects\Transcriber\dataset\glyphs\lowercase\y\y_005.png
y_006,y,y,lowercase,media_1791224864924.jpg,lowercase_f_to_y,0,19,5,275,990,294,1007,128,5.053,2025,83.31,21.68,1.0,1.0,GOOD,NONE,C:\Projects\Transcriber\dataset\glyphs\lowercase\y\y_006.png
y_007,y,y,lowercase,media_1791224864924.jpg,lowercase_f_to_y,0,19,6,333,997,351,1013,128,5.333,2225,82.32,27.2,1.0,1.0,GOOD,NONE,C:\Projects\Transcriber\dataset\glyphs\lowercase\y\y_007.png
y_008,y,y,lowercase,media_1791224864924.jpg,lowercase_f_to_y,0,19,7,379,993,397,1010,128,5.333,2330,87.4,19.84,1.0,1.0,GOOD,NONE,C:\Projects\Transcriber\dataset\glyphs\lowercase\y\y_008.png
y_009,y,y,lowercase,media_1791224864924.jpg,lowercase_f_to_y,0,19,8,441,995,459,1009,128,5.333,1908,87.39,18.35,1.0,1.0,GOOD,NONE,C:\Projects\Transcriber\dataset\glyphs\lowercase\y\y_009.png
y_010,y,y,lowercase,media_1791224864924.jpg,lowercase_f_to_y,0,19,9,494,998,516,1014,128,4.364,1671,80.15,23.79,1.0,1.0,GOOD,NONE,C:\Projects\Transcriber\dataset\glyphs\lowercase\y\y_010.png
y_011,y,y,lowercase,media_1791224864924.jpg,lowercase_f_to_y,0,19,10,555,999,574,1018,128,5.053,2250,75.88,10.61,0.7,0.7,REVIEW,SEVERE_BLUR,C:\Projects\Transcriber\dataset\glyphs\lowercase\y\y_011.png
y_012,y,y,lowercase,media_1791224864924.jpg,lowercase_f_to_y,0,19,11,599,1002,619,1017,128,4.8,1881,72.31,12.93,0.7,0.7,REVIEW,SEVERE_BLUR,C:\Projects\Transcriber\dataset\glyphs\lowercase\y\y_012.png
y_013,y,y,lowercase,media_1791224864924.jpg,lowercase_f_to_y,0,19,12,644,1004,668,1021,128,4.0,1344,59.14,8.3,0.55,0.55,REVIEW,SEVERE_BLUR;TOUCHES_CELL_BORDER,C:\Projects\Transcriber\dataset\glyphs\lowercase\y\y_013.png
y_014,y,y,lowercase,media_1791224864924.jpg,lowercase_f_to_y,0,19,13,692,1005,707,1021,128,6.0,2160,51.8,3.94,0.7,0.7,REVIEW,SEVERE_BLUR,C:\Projects\Transcriber\dataset\glyphs\lowercase\y\y_014.png
a_001,a,a,lowercase,media_1791224864942.jpg,lowercase_a_to_e,0,0,0,24,28,47,53,128,3.84,2588,114.69,75.61,1.0,1.0,GOOD,NONE,C:\Projects\Transcriber\dataset\glyphs\lowercase\a\a_001.png
a_002,a,a,lowercase,media_1791224864942.jpg,lowercase_a_to_e,0,0,1,103,35,125,58,128,4.174,2645,114.3,44.58,1.0,1.0,GOOD,NONE,C:\Projects\Transcriber\dataset\glyphs\lowercase\a\a_002.png
a_003,a,a,lowercase,media_1791224864942.jpg,lowercase_a_to_e,0,0,2,180,34,202,57,128,4.174,2672,103.51,39.55,1.0,1.0,GOOD,NONE,C:\Projects\Transcriber\dataset\glyphs\lowercase\a\a_003.png
a_004,a,a,lowercase,media_1791224864942.jpg,lowercase_a_to_e,0,0,3,256,36,278,59,128,4.174,2341,94.12,37.98,1.0,1.0,GOOD,NONE,C:\Projects\Transcriber\dataset\glyphs\lowercase\a\a_004.png
a_005,a,a,lowercase,media_1791224864942.jpg,lowercase_a_to_e,0,0,4,324,40,344,63,128,4.174,2140,95.81,39.27,1.0,1.0,GOOD,NONE,C:\Projects\Transcriber\dataset\glyphs\lowercase\a\a_005.png
a_006,a,a,lowercase,media_1791224864942.jpg,lowercase_a_to_e,0,0,5,397,41,419,63,128,4.364,2543,91.13,31.3,1.0,1.0,GOOD,NONE,C:\Projects\Transcriber\dataset\glyphs\lowercase\a\a_006.png
a_007,a,a,lowercase,media_1791224864942.jpg,lowercase_a_to_e,0,0,6,473,39,496,64,128,3.84,2209,83.59,46.57,1.0,1.0,GOOD,NONE,C:\Projects\Transcriber\dataset\glyphs\lowercase\a\a_007.png
a_008,a,a,lowercase,media_1791224864942.jpg,lowercase_a_to_e,0,0,7,558,39,578,60,128,4.571,2316,103.95,30.59,1.0,1.0,GOOD,NONE,C:\Projects\Transcriber\dataset\glyphs\lowercase\a\a_008.png
a_009,a,a,lowercase,media_1791224864942.jpg,lowercase_a_to_e,0,0,8,636,38,656,61,128,4.174,2052,90.47,47.06,1.0,1.0,GOOD,NONE,C:\Projects\Transcriber\dataset\glyphs\lowercase\a\a_009.png
a_010,a,a,lowercase,media_1791224864942.jpg,lowercase_a_to_e,0,0,9,709,37,729,59,128,4.364,2245,100.81,44.05,1.0,1.0,GOOD,NONE,C:\Projects\Transcriber\dataset\glyphs\lowercase\a\a_010.png
a_011,a,a,lowercase,media_1791224864942.jpg,lowercase_a_to_e,0,0,10,776,37,796,59,128,4.364,2304,96.45,49.67,1.0,1.0,GOOD,NONE,C:\Projects\Transcriber\dataset\glyphs\lowercase\a\a_011.png
a_012,a,a,lowercase,media_1791224864942.jpg,lowercase_a_to_e,0,0,11,843,38,862,59,128,4.571,2293,97.83,47.18,1.0,1.0,GOOD,NONE,C:\Projects\Transcriber\dataset\glyphs\lowercase\a\a_012.png
a_013,a,a,lowercase,media_1791224864942.jpg,lowercase_a_to_e,0,0,12,902,39,922,59,128,4.8,2733,100.4,40.44,1.0,1.0,GOOD,NONE,C:\Projects\Transcriber\dataset\glyphs\lowercase\a\a_013.png
a_014,a,a,lowercase,media_1791224864942.jpg,lowercase_a_to_e,0,0,13,965,37,987,61,128,4.0,2288,102.32,45.71,1.0,1.0,GOOD,NONE,C:\Projects\Transcriber\dataset\glyphs\lowercase\a\a_014.png
b_001,b,b,lowercase,media_1791224864942.jpg,lowercase_a_to_e,0,1,0,35,100,56,128,128,3.429,1867,123.38,66.52,1.0,1.0,GOOD,NONE,C:\Projects\Transcriber\dataset\glyphs\lowercase\b\b_001.png
b_002,b,b,lowercase,media_1791224864942.jpg,lowercase_a_to_e,0,1,1,108,107,130,134,128,3.556,1640,119.52,59.82,1.0,1.0,GOOD,NONE,C:\Projects\Transcriber\dataset\glyphs\lowercase\b\b_002.png
b_003,b,b,lowercase,media_1791224864942.jpg,lowercase_a_to_e,0,1,2,186,107,206,134,128,3.556,1716,98.27,52.31,1.0,1.0,GOOD,NONE,C:\Projects\Transcriber\dataset\glyphs\lowercase\b\b_003.png
b_004,b,b,lowercase,media_1791224864942.jpg,lowercase_a_to_e,0,1,3,263,108,282,135,128,3.556,1650,94.2,67.52,1.0,1.0,GOOD,NONE,C:\Projects\Transcriber\dataset\glyphs\lowercase\b\b_004.png
b_005,b,b,lowercase,media_1791224864942.jpg,lowercase_a_to_e,0,1,4,337,109,356,135,128,3.692,1569,103.24,53.3,1.0,1.0,GOOD,NONE,C:\Projects\Transcriber\dataset\glyphs\lowercase\b\b_005.png
b_006,b,b,lowercase,media_1791224864942.jpg,lowercase_a_to_e,0,1,5,401,111,420,134,128,4.174,2009,101.03,34.44,1.0,1.0,GOOD,NONE,C:\Projects\Transcriber\dataset\glyphs\lowercase\b\b_006.png
b_007,b,b,lowercase,media_1791224864942.jpg,lowercase_a_to_e,0,1,6,471,108,488,132,128,4.0,1760,96.2,38.57,1.0,1.0,GOOD,NONE,C:\Projects\Transcriber\dataset\glyphs\lowercase\b\b_007.png
b_008,b,b,lowercase,media_1791224864942.jpg,lowercase_a_to_e,0,1,7,554,107,570,134,128,3.556,1346,87.41,53.02,1.0,1.0,GOOD,NONE,C:\Projects\Transcriber\dataset\glyphs\lowercase\b\b_008.png
b_009,b,b,lowercase,media_1791224864942.jpg,lowercase_a_to_e,0,1,8,642,109,659,136,128,3.556,1455,87.03,79.9,1.0,1.0,GOOD,NONE,C:\Projects\Transcriber\dataset\glyphs\lowercase\b\b_009.png
b_010,b,b,lowercase,media_1791224864942.jpg,lowercase_a_to_e,0,1,9,710,109,727,137,128,3.429,1439,101.4,61.19,1.0,1.0,GOOD,NONE,C:\Projects\Transcriber\dataset\glyphs\lowercase\b\b_010.png
b_011,b,b,lowercase,media_1791224864942.jpg,lowercase_a_to_e,0,1,10,777,106,793,131,128,3.84,1662,98.79,66.17,1.0,1.0,GOOD,NONE,C:\Projects\Transcriber\dataset\glyphs\lowercase\b\b_011.png
b_012,b,b,lowercase,media_1791224864942.jpg,lowercase_a_to_e,0,1,11,842,105,861,131,128,3.692,1784,110.48,78.31,1.0,1.0,GOOD,NONE,C:\Projects\Transcriber\dataset\glyphs\lowercase\b\b_012.png
b_013,b,b,lowercase,media_1791224864942.jpg,lowercase_a_to_e,0,1,12,907,106,925,132,128,3.692,1608,108.54,60.31,1.0,1.0,GOOD,NONE,C:\Projects\Transcriber\dataset\glyphs\lowercase\b\b_013.png
b_014,b,b,lowercase,media_1791224864942.jpg,lowercase_a_to_e,0,1,13,971,108,989,132,128,4.0,2256,112.82,68.46,1.0,1.0,GOOD,NONE,C:\Projects\Transcriber\dataset\glyphs\lowercase\b\b_014.png
c_001,c,c,lowercase,media_1791224864942.jpg,lowercase_a_to_e,0,2,0,38,185,59,210,128,3.84,1786,101.69,56.66,1.0,1.0,GOOD,NONE,C:\Projects\Transcriber\dataset\glyphs\lowercase\c\c_001.png
c_002,c,c,lowercase,media_1791224864942.jpg,lowercase_a_to_e,0,2,1,89,187,121,211,128,3.0,900,88.15,56.54,1.0,1.0,GOOD,NONE,C:\Projects\Transcriber\dataset\glyphs\lowercase\c\c_002.png
c_003,c,c,lowercase,media_1791224864942.jpg,lowercase_a_to_e,0,2,2,194,188,212,210,128,4.364,1721,94.62,32.49,1.0,1.0,GOOD,NONE,C:\Projects\Transcriber\dataset\glyphs\lowercase\c\c_003.png
c_004,c,c,lowercase,media_1791224864942.jpg,lowercase_a_to_e,0,2,3,258,188,275,210,128,4.364,1532,89.31,29.31,1.0,1.0,GOOD,NONE,C:\Projects\Transcriber\dataset\glyphs\lowercase\c\c_004.png
c_005,c,c,lowercase,media_1791224864942.jpg,lowercase_a_to_e,0,2,4,334,186,351,211,128,3.84,1266,80.92,63.68,1.0,1.0,GOOD,NONE,C:\Projects\Transcriber\dataset\glyphs\lowercase\c\c_005.png
c_006,c,c,lowercase,media_1791224864942.jpg,lowercase_a_to_e,0,2,5,402,189,422,212,128,4.174,1470,74.49,25.24,1.0,1.0,GOOD,NONE,C:\Projects\Transcriber\dataset\glyphs\lowercase\c\c_006.png
c_007,c,c,lowercase,media_1791224864942.jpg,lowercase_a_to_e,0,2,6,474,189,490,210,128,4.571,1293,76.86,33.54,1.0,1.0,GOOD,NONE,C:\Projects\Transcriber\dataset\glyphs\lowercase\c\c_007.png
c_008,c,c,lowercase,media_1791224864942.jpg,lowercase_a_to_e,0,2,7,553,186,569,208,128,4.364,1422,71.31,25.79,1.0,1.0,GOOD,NONE,C:\Projects\Transcriber\dataset\glyphs\lowercase\c\c_008.png
c_009,c,c,lowercase,media_1791224864942.jpg,lowercase_a_to_e,0,2,8,635,187,650,207,128,4.8,1598,63.89,22.64,1.0,1.0,GOOD,NONE,C:\Projects\Transcriber\dataset\glyphs\lowercase\c\c_009.png
c_010,c,c,lowercase,media_1791224864942.jpg,lowercase_a_to_e,0,2,9,698,187,712,206,128,5.053,1450,83.62,28.81,1.0,1.0,GOOD,NONE,C:\Projects\Transcriber\dataset\glyphs\lowercase\c\c_010.png
c_011,c,c,lowercase,media_1791224864942.jpg,lowercase_a_to_e,0,2,10,778,183,792,202,128,5.053,1450,80.91,23.93,1.0,1.0,GOOD,NONE,C:\Projects\Transcriber\dataset\glyphs\lowercase\c\c_011.png
c_012,c,c,lowercase,media_1791224864942.jpg,lowercase_a_to_e,0,2,11,845,186,863,205,128,5.053,1700,82.09,29.41,1.0,1.0,GOOD,NONE,C:\Projects\Transcriber\dataset\glyphs\lowercase\c\c_012.png
c_013,c,c,lowercase,media_1791224864942.jpg,lowercase_a_to_e,0,2,12,907,192,926,213,128,4.571,1784,73.9,29.15,1.0,1.0,GOOD,NONE,C:\Projects\Transcriber\dataset\glyphs\lowercase\c\c_013.png
c_014,c,c,lowercase,media_1791224864942.jpg,lowercase_a_to_e,0,2,13,973,192,994,213,128,4.571,1573,77.05,18.81,1.0,1.0,GOOD,NONE,C:\Projects\Transcriber\dataset\glyphs\lowercase\c\c_014.png
d_001,d,d,lowercase,media_1791224864942.jpg,lowercase_a_to_e,0,3,0,36,250,60,283,128,2.909,1563,111.0,91.41,1.0,1.0,GOOD,NONE,C:\Projects\Transcriber\dataset\glyphs\lowercase\d\d_001.png
d_002,d,d,lowercase,media_1791224864942.jpg,lowercase_a_to_e,0,3,1,106,250,126,281,128,3.097,1533,122.9,98.26,1.0,1.0,GOOD,NONE,C:\Projects\Transcriber\dataset\glyphs\lowercase\d\d_002.png
d_003,d,d,lowercase,media_1791224864942.jpg,lowercase_a_to_e,0,3,2,184,251,203,278,128,3.556,1615,106.95,52.72,1.0,1.0,GOOD,NONE,C:\Projects\Transcriber\dataset\glyphs\lowercase\d\d_003.png
d_004,d,d,lowercase,media_1791224864942.jpg,lowercase_a_to_e,0,3,3,259,251,279,278,128,3.556,1729,100.54,55.43,1.0,1.0,GOOD,NONE,C:\Projects\Transcriber\dataset\glyphs\lowercase\d\d_004.png
d_005,d,d,lowercase,media_1791224864942.jpg,lowercase_a_to_e,0,3,4,337,253,356,280,128,3.556,1607,97.57,54.72,1.0,1.0,GOOD,NONE,C:\Projects\Transcriber\dataset\glyphs\lowercase\d\d_005.png
d_006,d,d,lowercase,media_1791224864942.jpg,lowercase_a_to_e,0,3,5,413,251,433,280,128,3.31,1563,85.73,50.14,1.0,1.0,GOOD,NONE,C:\Projects\Transcriber\dataset\glyphs\lowercase\d\d_006.png
d_007,d,d,lowercase,media_1791224864942.jpg,lowercase_a_to_e,0,3,6,479,249,500,277,128,3.429,1685,87.94,51.79,1.0,1.0,GOOD,NONE,C:\Projects\Transcriber\dataset\glyphs\lowercase\d\d_007.png
d_008,d,d,lowercase,media_1791224864942.jpg,lowercase_a_to_e,0,3,7,556,250,576,275,128,3.84,2066,80.16,33.74,1.0,1.0,GOOD,NONE,C:\Projects\Transcriber\dataset\glyphs\lowercase\d\d_008.png
d_009,d,d,lowercase,media_1791224864942.jpg,lowercase_a_to_e,0,3,8,646,251,671,280,128,3.31,1702,85.42,46.35,1.0,1.0,GOOD,NONE,C:\Projects\Transcriber\dataset\glyphs\lowercase\d\d_009.png
d_010,d,d,lowercase,media_1791224864942.jpg,lowercase_a_to_e,0,3,9,716,254,738,278,128,4.0,2000,97.23,31.95,1.0,1.0,GOOD,NONE,C:\Projects\Transcriber\dataset\glyphs\lowercase\d\d_010.png
d_011,d,d,lowercase,media_1791224864942.jpg,lowercase_a_to_e,0,3,10,779,250,801,278,128,3.429,1778,92.83,57.33,1.0,1.0,GOOD,NONE,C:\Projects\Transcriber\dataset\glyphs\lowercase\d\d_011.png
d_012,d,d,lowercase,media_1791224864942.jpg,lowercase_a_to_e,0,3,11,860,248,880,279,128,3.097,1248,123.91,101.2,1.0,1.0,GOOD,NONE,C:\Projects\Transcriber\dataset\glyphs\lowercase\d\d_012.png
d_013,d,d,lowercase,media_1791224864942.jpg,lowercase_a_to_e,0,3,12,905,253,931,280,128,3.556,2019,91.98,44.61,1.0,1.0,GOOD,NONE,C:\Projects\Transcriber\dataset\glyphs\lowercase\d\d_013.png
d_014,d,d,lowercase,media_1791224864942.jpg,lowercase_a_to_e,0,3,13,962,254,991,288,128,2.824,1851,95.58,74.53,1.0,1.0,GOOD,NONE,C:\Projects\Transcriber\dataset\glyphs\lowercase\d\d_014.png
e_001,e,e,lowercase,media_1791224864942.jpg,lowercase_a_to_e,0,4,0,35,319,56,345,128,3.692,2096,105.21,62.85,1.0,1.0,GOOD,NONE,C:\Projects\Transcriber\dataset\glyphs\lowercase\e\e_001.png
e_002,e,e,lowercase,media_1791224864942.jpg,lowercase_a_to_e,0,4,1,98,320,119,344,128,4.0,2224,104.98,48.11,1.0,1.0,GOOD,NONE,C:\Projects\Transcriber\dataset\glyphs\lowercase\e\e_002.png
e_003,e,e,lowercase,media_1791224864942.jpg,lowercase_a_to_e,0,4,2,183,321,202,344,128,4.174,2248,103.44,82.5,1.0,1.0,GOOD,NONE,C:\Projects\Transcriber\dataset\glyphs\lowercase\e\e_003.png
e_004,e,e,lowercase,media_1791224864942.jpg,lowercase_a_to_e,0,4,3,256,321,277,345,128,4.0,2448,93.96,53.01,1.0,1.0,GOOD,NONE,C:\Projects\Transcriber\dataset\glyphs\lowercase\e\e_004.png
e_005,e,e,lowercase,media_1791224864942.jpg,lowercase_a_to_e,0,4,4,333,319,355,342,128,4.174,2408,85.17,43.24,1.0,1.0,GOOD,NONE,C:\Projects\Transcriber\dataset\glyphs\lowercase\e\e_005.png
e_006,e,e,lowercase,media_1791224864942.jpg,lowercase_a_to_e,0,4,5,405,314,426,337,128,4.174,2179,85.89,32.43,1.0,1.0,GOOD,NONE,C:\Projects\Transcriber\dataset\glyphs\lowercase\e\e_006.png
e_007,e,e,lowercase,media_1791224864942.jpg,lowercase_a_to_e,0,4,6,474,318,494,341,128,4.174,2154,85.78,54.61,1.0,1.0,GOOD,NONE,C:\Projects\Transcriber\dataset\glyphs\lowercase\e\e_007.png
e_008,e,e,lowercase,media_1791224864942.jpg,lowercase_a_to_e,0,4,7,560,318,582,340,128,4.364,2462,83.98,40.6,1.0,1.0,GOOD,NONE,C:\Projects\Transcriber\dataset\glyphs\lowercase\e\e_008.png
e_009,e,e,lowercase,media_1791224864942.jpg,lowercase_a_to_e,0,4,8,637,318,658,342,128,4.0,1888,88.73,46.23,1.0,1.0,GOOD,NONE,C:\Projects\Transcriber\dataset\glyphs\lowercase\e\e_009.png
e_010,e,e,lowercase,media_1791224864942.jpg,lowercase_a_to_e,0,4,9,717,320,740,344,128,4.0,2224,90.87,49.35,1.0,1.0,GOOD,NONE,C:\Projects\Transcriber\dataset\glyphs\lowercase\e\e_010.png
e_011,e,e,lowercase,media_1791224864942.jpg,lowercase_a_to_e,0,4,10,786,326,805,348,128,4.364,2013,97.63,38.22,1.0,1.0,GOOD,NONE,C:\Projects\Transcriber\dataset\glyphs\lowercase\e\e_011.png
e_012,e,e,lowercase,media_1791224864942.jpg,lowercase_a_to_e,0,4,11,851,326,872,347,128,4.571,2610,94.18,64.4,1.0,1.0,GOOD,NONE,C:\Projects\Transcriber\dataset\glyphs\lowercase\e\e_012.png
e_013,e,e,lowercase,media_1791224864942.jpg,lowercase_a_to_e,0,4,12,910,325,930,346,128,4.571,2379,96.19,38.07,1.0,1.0,GOOD,NONE,C:\Projects\Transcriber\dataset\glyphs\lowercase\e\e_013.png
e_014,e,e,lowercase,media_1791224864942.jpg,lowercase_a_to_e,0,4,13,971,326,996,353,128,3.556,1969,85.78,65.46,1.0,1.0,GOOD,NONE,C:\Projects\Transcriber\dataset\glyphs\lowercase\e\e_014.png
M_001,M,M,uppercase,media_1791224864955.jpg,uppercase_m_to_z,0,0,0,33,19,64,52,128,2.909,2045,128.16,104.11,1.0,1.0,GOOD,NONE,C:\Projects\Transcriber\dataset\glyphs\uppercase\M\M_001.png
M_002,M,M,uppercase,media_1791224864955.jpg,uppercase_m_to_z,0,0,1,110,27,134,56,128,3.31,2136,137.05,155.64,1.0,1.0,GOOD,NONE,C:\Projects\Transcriber\dataset\glyphs\uppercase\M\M_002.png
M_003,M,M,uppercase,media_1791224864955.jpg,uppercase_m_to_z,0,0,2,188,32,215,57,128,3.556,2106,135.93,142.29,1.0,1.0,GOOD,NONE,C:\Projects\Transcriber\dataset\glyphs\uppercase\M\M_003.png
M_004,M,M,uppercase,media_1791224864955.jpg,uppercase_m_to_z,0,0,3,251,32,276,58,128,3.692,2087,139.6,125.99,1.0,1.0,GOOD,NONE,C:\Projects\Transcriber\dataset\glyphs\uppercase\M\M_004.png
M_005,M,M,uppercase,media_1791224864955.jpg,uppercase_m_to_z,0,0,4,331,32,358,58,128,3.556,2151,147.95,139.77,1.0,1.0,GOOD,NONE,C:\Projects\Transcriber\dataset\glyphs\uppercase\M\M_005.png
M_006,M,M,uppercase,media_1791224864955.jpg,uppercase_m_to_z,0,0,5,399,32,428,56,128,3.31,1942,138.48,225.67,1.0,1.0,GOOD,NONE,C:\Projects\Transcriber\dataset\glyphs\uppercase\M\M_006.png
M_007,M,M,uppercase,media_1791224864955.jpg,uppercase_m_to_z,0,0,6,474,33,502,59,128,3.429,2035,149.52,153.53,1.0,1.0,GOOD,NONE,C:\Projects\Transcriber\dataset\glyphs\uppercase\M\M_007.png
M_008,M,M,uppercase,media_1791224864955.jpg,uppercase_m_to_z,0,0,7,547,33,575,56,128,3.429,1918,152.07,171.3,1.0,1.0,GOOD,NONE,C:\Projects\Transcriber\dataset\glyphs\uppercase\M\M_008.png
M_009,M,M,uppercase,media_1791224864955.jpg,uppercase_m_to_z,0,0,8,618,29,646,53,128,3.429,2013,155.81,186.17,1.0,1.0,GOOD,NONE,C:\Projects\Transcriber\dataset\glyphs\uppercase\M\M_009.png
M_010,M,M,uppercase,media_1791224864955.jpg,uppercase_m_to_z,0,0,9,687,32,711,56,128,4.0,1984,141.88,111.51,1.0,1.0,GOOD,NONE,C:\Projects\Transcriber\dataset\glyphs\uppercase\M\M_010.png
M_011,M,M,uppercase,media_1791224864955.jpg,uppercase_m_to_z,0,0,10,767,32,796,56,128,3.31,2036,149.98,179.09,1.0,1.0,GOOD,NONE,C:\Projects\Transcriber\dataset\glyphs\uppercase\M\M_011.png
M_012,M,M,uppercase,media_1791224864955.jpg,uppercase_m_to_z,0,0,11,843,29,873,54,128,3.2,1669,131.17,236.13,1.0,1.0,GOOD,NONE,C:\Projects\Transcriber\dataset\glyphs\uppercase\M\M_012.png
M_013,M,M,uppercase,media_1791224864955.jpg,uppercase_m_to_z,0,0,12,915,32,950,55,128,2.743,1473,109.95,235.13,1.0,1.0,GOOD,NONE,C:\Projects\Transcriber\dataset\glyphs\uppercase\M\M_013.png
M_014,M,M,uppercase,media_1791224864955.jpg,uppercase_m_to_z,0,0,13,974,31,1004,54,128,3.2,1831,99.7,75.51,1.0,1.0,GOOD,NONE,C:\Projects\Transcriber\dataset\glyphs\uppercase\M\M_014.png
N_001,N,N,uppercase,media_1791224864955.jpg,uppercase_m_to_z,0,1,0,38,94,63,122,128,3.429,2414,150.17,109.95,1.0,1.0,GOOD,NONE,C:\Projects\Transcriber\dataset\glyphs\uppercase\N\N_001.png
N_002,N,N,uppercase,media_1791224864955.jpg,uppercase_m_to_z,0,1,1,111,103,135,128,128,3.84,2336,148.41,87.01,1.0,1.0,GOOD,NONE,C:\Projects\Transcriber\dataset\glyphs\uppercase\N\N_002.png
N_003,N,N,uppercase,media_1791224864955.jpg,uppercase_m_to_z,0,1,2,190,108,215,132,128,3.84,2262,141.02,101.37,1.0,1.0,GOOD,NONE,C:\Projects\Transcriber\dataset\glyphs\uppercase\N\N_003.png
N_004,N,N,uppercase,media_1791224864955.jpg,uppercase_m_to_z,0,1,3,260,106,283,131,128,3.84,2083,143.63,160.3,1.0,1.0,GOOD,NONE,C:\Projects\Transcriber\dataset\glyphs\uppercase\N\N_004.png
N_005,N,N,uppercase,media_1791224864955.jpg,uppercase_m_to_z,0,1,4,330,107,353,135,128,3.429,1842,136.42,161.09,1.0,1.0,GOOD,NONE,C:\Projects\Transcriber\dataset\glyphs\uppercase\N\N_005.png
N_006,N,N,uppercase,media_1791224864955.jpg,uppercase_m_to_z,0,1,5,399,106,424,132,128,3.692,2170,139.95,124.18,1.0,1.0,GOOD,NONE,C:\Projects\Transcriber\dataset\glyphs\uppercase\N\N_006.png
N_007,N,N,uppercase,media_1791224864955.jpg,uppercase_m_to_z,0,1,6,477,106,498,130,128,4.0,2144,142.5,148.1,1.0,1.0,GOOD,NONE,C:\Projects\Transcriber\dataset\glyphs\uppercase\N\N_007.png
N_008,N,N,uppercase,media_1791224864955.jpg,uppercase_m_to_z,0,1,7,545,108,570,134,128,3.692,2160,142.68,123.02,1.0,1.0,GOOD,NONE,C:\Projects\Transcriber\dataset\glyphs\uppercase\N\N_008.png
N_009,N,N,uppercase,media_1791224864955.jpg,uppercase_m_to_z,0,1,8,621,104,643,130,128,3.692,1900,151.89,126.26,1.0,1.0,GOOD,NONE,C:\Projects\Transcriber\dataset\glyphs\uppercase\N\N_009.png
N_010,N,N,uppercase,media_1791224864955.jpg,uppercase_m_to_z,0,1,9,687,104,710,129,128,3.84,2285,142.55,115.84,1.0,1.0,GOOD,NONE,C:\Projects\Transcriber\dataset\glyphs\uppercase\N\N_010.png
N_011,N,N,uppercase,media_1791224864955.jpg,uppercase_m_to_z,0,1,10,757,102,779,129,128,3.556,1937,135.27,144.66,1.0,1.0,GOOD,NONE,C:\Projects\Transcriber\dataset\glyphs\uppercase\N\N_011.png
N_012,N,N,uppercase,media_1791224864955.jpg,uppercase_m_to_z,0,1,11,846,100,864,125,128,3.84,1951,134.43,154.15,1.0,1.0,GOOD,NONE,C:\Projects\Transcriber\dataset\glyphs\uppercase\N\N_012.png
N_013,N,N,uppercase,media_1791224864955.jpg,uppercase_m_to_z,0,1,12,905,103,926,129,128,3.692,2010,135.58,149.07,1.0,1.0,GOOD,NONE,C:\Projects\Transcriber\dataset\glyphs\uppercase\N\N_013.png
N_014,N,N,uppercase,media_1791224864955.jpg,uppercase_m_to_z,0,1,13,979,108,1001,133,128,3.84,2284,121.31,76.04,1.0,1.0,GOOD,NONE,C:\Projects\Transcriber\dataset\glyphs\uppercase\N\N_014.png
O_001,O,O,uppercase,media_1791224864955.jpg,uppercase_m_to_z,0,2,0,49,173,68,201,128,3.429,1811,148.23,165.8,1.0,1.0,GOOD,NONE,C:\Projects\Transcriber\dataset\glyphs\uppercase\O\O_001.png
O_002,O,O,uppercase,media_1791224864955.jpg,uppercase_m_to_z,0,2,1,109,182,134,206,128,3.84,2380,153.56,116.36,1.0,1.0,GOOD,NONE,C:\Projects\Transcriber\dataset\glyphs\uppercase\O\O_002.png
O_003,O,O,uppercase,media_1791224864955.jpg,uppercase_m_to_z,0,2,2,189,180,209,207,128,3.556,1894,148.27,151.28,1.0,1.0,GOOD,NONE,C:\Projects\Transcriber\dataset\glyphs\uppercase\O\O_003.png
O_004,O,O,uppercase,media_1791224864955.jpg,uppercase_m_to_z,0,2,3,255,180,274,207,128,3.556,1760,135.11,210.39,1.0,1.0,GOOD,NONE,C:\Projects\Transcriber\dataset\glyphs\uppercase\O\O_004.png
O_005,O,O,uppercase,media_1791224864955.jpg,uppercase_m_to_z,0,2,4,327,180,349,209,128,3.31,1769,136.33,219.7,1.0,1.0,GOOD,NONE,C:\Projects\Transcriber\dataset\glyphs\uppercase\O\O_005.png
O_006,O,O,uppercase,media_1791224864955.jpg,uppercase_m_to_z,0,2,5,407,179,428,208,128,3.31,1670,135.55,189.26,1.0,1.0,GOOD,NONE,C:\Projects\Transcriber\dataset\glyphs\uppercase\O\O_006.png
O_007,O,O,uppercase,media_1791224864955.jpg,uppercase_m_to_z,0,2,6,472,180,493,206,128,3.692,1953,131.93,140.61,1.0,1.0,GOOD,NONE,C:\Projects\Transcriber\dataset\glyphs\uppercase\O\O_007.png
O_008,O,O,uppercase,media_1791224864955.jpg,uppercase_m_to_z,0,2,7,542,182,566,208,128,3.692,1988,128.23,140.36,1.0,1.0,GOOD,NONE,C:\Projects\Transcriber\dataset\glyphs\uppercase\O\O_008.png
O_009,O,O,uppercase,media_1791224864955.jpg,uppercase_m_to_z,0,2,8,618,182,642,206,128,4.0,2432,131.04,147.43,1.0,1.0,GOOD,NONE,C:\Projects\Transcriber\dataset\glyphs\uppercase\O\O_009.png
O_010,O,O,uppercase,media_1791224864955.jpg,uppercase_m_to_z,0,2,9,696,179,719,205,128,3.692,1938,136.19,120.3,1.0,1.0,GOOD,NONE,C:\Projects\Transcriber\dataset\glyphs\uppercase\O\O_010.png
O_011,O,O,uppercase,media_1791224864955.jpg,uppercase_m_to_z,0,2,10,776,177,801,203,128,3.692,2097,133.49,111.35,1.0,1.0,GOOD,NONE,C:\Projects\Transcriber\dataset\glyphs\uppercase\O\O_011.png
O_012,O,O,uppercase,media_1791224864955.jpg,uppercase_m_to_z,0,2,11,849,178,874,204,128,3.692,2122,134.75,130.45,1.0,1.0,GOOD,NONE,C:\Projects\Transcriber\dataset\glyphs\uppercase\O\O_012.png
O_013,O,O,uppercase,media_1791224864955.jpg,uppercase_m_to_z,0,2,12,905,177,930,202,128,3.84,2379,121.98,112.75,1.0,1.0,GOOD,NONE,C:\Projects\Transcriber\dataset\glyphs\uppercase\O\O_013.png
O_014,O,O,uppercase,media_1791224864955.jpg,uppercase_m_to_z,0,2,13,983,180,1008,204,128,3.84,2315,127.31,131.74,1.0,1.0,GOOD,NONE,C:\Projects\Transcriber\dataset\glyphs\uppercase\O\O_014.png
P_001,P,P,uppercase,media_1791224864955.jpg,uppercase_m_to_z,0,3,0,46,248,69,280,128,3.0,1575,155.45,194.52,1.0,1.0,GOOD,NONE,C:\Projects\Transcriber\dataset\glyphs\uppercase\P\P_001.png
P_002,P,P,uppercase,media_1791224864955.jpg,uppercase_m_to_z,0,3,1,122,254,143,280,128,3.692,2118,156.12,186.21,1.0,1.0,GOOD,NONE,C:\Projects\Transcriber\dataset\glyphs\uppercase\P\P_002.png
P_003,P,P,uppercase,media_1791224864955.jpg,uppercase_m_to_z,0,3,2,189,254,211,279,128,3.84,1996,149.22,107.89,1.0,1.0,GOOD,NONE,C:\Projects\Transcriber\dataset\glyphs\uppercase\P\P_003.png
P_004,P,P,uppercase,media_1791224864955.jpg,uppercase_m_to_z,0,3,3,257,257,279,279,128,4.364,2587,144.44,108.12,1.0,1.0,GOOD,NONE,C:\Projects\Transcriber\dataset\glyphs\uppercase\P\P_004.png
P_005,P,P,uppercase,media_1791224864955.jpg,uppercase_m_to_z,0,3,4,329,254,348,278,128,4.0,1936,155.84,162.67,1.0,1.0,GOOD,NONE,C:\Projects\Transcriber\dataset\glyphs\uppercase\P\P_005.png
P_006,P,P,uppercase,media_1791224864955.jpg,uppercase_m_to_z,0,3,5,399,254,421,278,128,4.0,2432,145.25,145.03,1.0,1.0,GOOD,NONE,C:\Projects\Transcriber\dataset\glyphs\uppercase\P\P_006.png
P_007,P,P,uppercase,media_1791224864955.jpg,uppercase_m_to_z,0,3,6,474,255,495,283,128,3.429,1836,151.25,285.82,1.0,1.0,GOOD,NONE,C:\Projects\Transcriber\dataset\glyphs\uppercase\P\P_007.png
P_008,P,P,uppercase,media_1791224864955.jpg,uppercase_m_to_z,0,3,7,542,254,566,279,128,3.84,2365,136.55,120.37,1.0,1.0,GOOD,NONE,C:\Projects\Transcriber\dataset\glyphs\uppercase\P\P_008.png
P_009,P,P,uppercase,media_1791224864955.jpg,uppercase_m_to_z,0,3,8,627,251,650,278,128,3.556,2078,147.83,237.22,1.0,1.0,GOOD,NONE,C:\Projects\Transcriber\dataset\glyphs\uppercase\P\P_009.png
P_010,P,P,uppercase,media_1791224864955.jpg,uppercase_m_to_z,0,3,9,694,249,717,278,128,3.31,1885,146.63,301.61,1.0,1.0,GOOD,NONE,C:\Projects\Transcriber\dataset\glyphs\uppercase\P\P_010.png
P_011,P,P,uppercase,media_1791224864955.jpg,uppercase_m_to_z,0,3,10,771,246,793,278,128,3.0,1737,149.29,363.29,1.0,1.0,GOOD,NONE,C:\Projects\Transcriber\dataset\glyphs\uppercase\P\P_011.png
P_012,P,P,uppercase,media_1791224864955.jpg,uppercase_m_to_z,0,3,11,842,245,863,276,128,3.097,1716,148.25,300.71,1.0,1.0,GOOD,NONE,C:\Projects\Transcriber\dataset\glyphs\uppercase\P\P_012.png
P_013,P,P,uppercase,media_1791224864955.jpg,uppercase_m_to_z,0,3,12,907,247,928,273,128,3.692,2208,144.44,177.09,1.0,1.0,GOOD,NONE,C:\Projects\Transcriber\dataset\glyphs\uppercase\P\P_013.png
P_014,P,P,uppercase,media_1791224864955.jpg,uppercase_m_to_z,0,3,13,976,246,1000,272,128,3.692,1934,148.1,146.8,1.0,1.0,GOOD,NONE,C:\Projects\Transcriber\dataset\glyphs\uppercase\P\P_014.png
Q_001,Q,Q,uppercase,media_1791224864955.jpg,uppercase_m_to_z,0,4,0,38,320,64,350,128,3.2,2323,144.06,318.16,1.0,1.0,GOOD,NONE,C:\Projects\Transcriber\dataset\glyphs\uppercase\Q\Q_001.png
Q_002,Q,Q,uppercase,media_1791224864955.jpg,uppercase_m_to_z,0,4,1,118,324,142,357,128,2.909,1548,146.28,256.38,1.0,1.0,GOOD,NONE,C:\Projects\Transcriber\dataset\glyphs\uppercase\Q\Q_002.png
Q_003,Q,Q,uppercase,media_1791224864955.jpg,uppercase_m_to_z,0,4,2,195,328,220,360,128,3.0,1566,148.75,307.6,1.0,1.0,GOOD,NONE,C:\Projects\Transcriber\dataset\glyphs\uppercase\Q\Q_003.png
Q_004,Q,Q,uppercase,media_1791224864955.jpg,uppercase_m_to_z,0,4,3,260,326,284,358,128,3.0,1746,138.73,366.46,1.0,1.0,GOOD,NONE,C:\Projects\Transcriber\dataset\glyphs\uppercase\Q\Q_004.png
Q_005,Q,Q,uppercase,media_1791224864955.jpg,uppercase_m_to_z,0,4,4,329,331,349,361,128,3.2,1575,145.88,298.19,1.0,1.0,GOOD,NONE,C:\Projects\Transcriber\dataset\glyphs\uppercase\Q\Q_005.png
Q_006,Q,Q,uppercase,media_1791224864955.jpg,uppercase_m_to_z,0,4,5,403,331,428,361,128,3.2,1913,136.35,258.1,1.0,1.0,GOOD,NONE,C:\Projects\Transcriber\dataset\glyphs\uppercase\Q\Q_006.png
Q_007,Q,Q,uppercase,media_1791224864955.jpg,uppercase_m_to_z,0,4,6,483,331,503,362,128,3.097,1542,152.73,272.29,1.0,1.0,GOOD,NONE,C:\Projects\Transcriber\dataset\glyphs\uppercase\Q\Q_007.png
Q_008,Q,Q,uppercase,media_1791224864955.jpg,uppercase_m_to_z,0,4,7,552,332,577,360,128,3.429,2224,136.55,235.52,1.0,1.0,GOOD,NONE,C:\Projects\Transcriber\dataset\glyphs\uppercase\Q\Q_008.png
Q_009,Q,Q,uppercase,media_1791224864955.jpg,uppercase_m_to_z,0,4,8,626,329,650,360,128,3.097,1777,140.28,344.23,1.0,1.0,GOOD,NONE,C:\Projects\Transcriber\dataset\glyphs\uppercase\Q\Q_009.png
Q_010,Q,Q,uppercase,media_1791224864955.jpg,uppercase_m_to_z,0,4,9,703,329,723,358,128,3.31,1760,147.57,266.49,1.0,1.0,GOOD,NONE,C:\Projects\Transcriber\dataset\glyphs\uppercase\Q\Q_010.png
Q_011,Q,Q,uppercase,media_1791224864955.jpg,uppercase_m_to_z,0,4,10,769,326,792,354,128,3.429,2111,141.12,203.37,1.0,1.0,GOOD,NONE,C:\Projects\Transcriber\dataset\glyphs\uppercase\Q\Q_011.png
Q_012,Q,Q,uppercase,media_1791224864955.jpg,uppercase_m_to_z,0,4,11,837,324,860,357,128,2.909,1501,139.1,416.41,1.0,1.0,GOOD,NONE,C:\Projects\Transcriber\dataset\glyphs\uppercase\Q\Q_012.png
Q_013,Q,Q,uppercase,media_1791224864955.jpg,uppercase_m_to_z,0,4,12,909,327,932,352,128,3.84,2351,140.26,179.51,1.0,1.0,GOOD,NONE,C:\Projects\Transcriber\dataset\glyphs\uppercase\Q\Q_013.png
Q_014,Q,Q,uppercase,media_1791224864955.jpg,uppercase_m_to_z,0,4,13,986,322,1006,350,128,3.429,2075,140.2,250.45,1.0,1.0,GOOD,NONE,C:\Projects\Transcriber\dataset\glyphs\uppercase\Q\Q_014.png
R_001,R,R,uppercase,media_1791224864955.jpg,uppercase_m_to_z,0,5,0,37,400,61,428,128,3.429,2334,167.5,198.88,1.0,1.0,GOOD,NONE,C:\Projects\Transcriber\dataset\glyphs\uppercase\R\R_001.png
R_002,R,R,uppercase,media_1791224864955.jpg,uppercase_m_to_z,0,5,1,111,402,129,430,128,3.429,1661,150.83,159.49,1.0,1.0,GOOD,NONE,C:\Projects\Transcriber\dataset\glyphs\uppercase\R\R_002.png
R_003,R,R,uppercase,media_1791224864955.jpg,uppercase_m_to_z,0,5,2,185,402,206,429,128,3.556,1961,145.31,113.15,1.0,1.0,GOOD,NONE,C:\Projects\Transcriber\dataset\glyphs\uppercase\R\R_003.png
R_004,R,R,uppercase,media_1791224864955.jpg,uppercase_m_to_z,0,5,3,256,402,273,427,128,3.84,1834,145.52,134.74,1.0,1.0,GOOD,NONE,C:\Projects\Transcriber\dataset\glyphs\uppercase\R\R_004.png
R_005,R,R,uppercase,media_1791224864955.jpg,uppercase_m_to_z,0,5,4,326,401,345,425,128,4.0,2192,147.91,157.29,1.0,1.0,GOOD,NONE,C:\Projects\Transcriber\dataset\glyphs\uppercase\R\R_005.png
R_006,R,R,uppercase,media_1791224864955.jpg,uppercase_m_to_z,0,5,5,398,403,419,429,128,3.692,1993,142.38,122.31,1.0,1.0,GOOD,NONE,C:\Projects\Transcriber\dataset\glyphs\uppercase\R\R_006.png
R_007,R,R,uppercase,media_1791224864955.jpg,uppercase_m_to_z,0,5,6,473,405,491,430,128,3.84,2087,139.42,140.15,1.0,1.0,GOOD,NONE,C:\Projects\Transcriber\dataset\glyphs\uppercase\R\R_007.png
R_008,R,R,uppercase,media_1791224864955.jpg,uppercase_m_to_z,0,5,7,544,403,563,426,128,4.174,2509,134.96,121.45,1.0,1.0,GOOD,NONE,C:\Projects\Transcriber\dataset\glyphs\uppercase\R\R_008.png
R_009,R,R,uppercase,media_1791224864955.jpg,uppercase_m_to_z,0,5,8,617,402,636,426,128,4.0,2368,133.42,161.31,1.0,1.0,GOOD,NONE,C:\Projects\Transcriber\dataset\glyphs\uppercase\R\R_009.png
R_010,R,R,uppercase,media_1791224864955.jpg,uppercase_m_to_z,0,5,9,694,399,713,422,128,4.174,2512,143.54,151.59,1.0,1.0,GOOD,NONE,C:\Projects\Transcriber\dataset\glyphs\uppercase\R\R_010.png
R_011,R,R,uppercase,media_1791224864955.jpg,uppercase_m_to_z,0,5,10,769,397,787,423,128,3.692,1942,150.73,196.14,1.0,1.0,GOOD,NONE,C:\Projects\Transcriber\dataset\glyphs\uppercase\R\R_011.png
R_012,R,R,uppercase,media_1791224864955.jpg,uppercase_m_to_z,0,5,11,839,402,860,428,128,3.692,2237,156.23,166.28,1.0,1.0,GOOD,NONE,C:\Projects\Transcriber\dataset\glyphs\uppercase\R\R_012.png
R_013,R,R,uppercase,media_1791224864955.jpg,uppercase_m_to_z,0,5,12,912,403,930,427,128,4.0,2368,150.82,179.89,1.0,1.0,GOOD,NONE,C:\Projects\Transcriber\dataset\glyphs\uppercase\R\R_013.png
R_014,R,R,uppercase,media_1791224864955.jpg,uppercase_m_to_z,0,5,13,979,406,997,428,128,4.364,2306,163.18,124.7,1.0,1.0,GOOD,NONE,C:\Projects\Transcriber\dataset\glyphs\uppercase\R\R_014.png
S_001,S,S,uppercase,media_1791224864955.jpg,uppercase_m_to_z,0,6,0,46,476,68,504,128,3.429,1770,123.32,259.73,1.0,1.0,GOOD,NONE,C:\Projects\Transcriber\dataset\glyphs\uppercase\S\S_001.png
S_002,S,S,uppercase,media_1791224864955.jpg,uppercase_m_to_z,0,6,1,116,479,138,506,128,3.556,1418,116.22,116.14,1.0,1.0,GOOD,NONE,C:\Projects\Transcriber\dataset\glyphs\uppercase\S\S_002.png
S_003,S,S,uppercase,media_1791224864955.jpg,uppercase_m_to_z,0,6,2,189,481,213,506,128,3.84,1606,111.65,104.29,1.0,1.0,GOOD,NONE,C:\Projects\Transcriber\dataset\glyphs\uppercase\S\S_003.png
S_004,S,S,uppercase,media_1791224864955.jpg,uppercase_m_to_z,0,6,3,264,477,290,504,128,3.556,1787,124.92,140.41,1.0,1.0,GOOD,NONE,C:\Projects\Transcriber\dataset\glyphs\uppercase\S\S_004.png
S_005,S,S,uppercase,media_1791224864955.jpg,uppercase_m_to_z,0,6,4,329,479,352,503,128,4.0,1600,102.33,82.09,1.0,1.0,GOOD,NONE,C:\Projects\Transcriber\dataset\glyphs\uppercase\S\S_005.png
S_006,S,S,uppercase,media_1791224864955.jpg,uppercase_m_to_z,0,6,5,403,475,425,500,128,3.84,1634,99.62,84.36,1.0,1.0,GOOD,NONE,C:\Projects\Transcriber\dataset\glyphs\uppercase\S\S_006.png
S_007,S,S,uppercase,media_1791224864955.jpg,uppercase_m_to_z,0,6,6,481,475,501,503,128,3.429,1264,100.78,104.84,1.0,1.0,GOOD,NONE,C:\Projects\Transcriber\dataset\glyphs\uppercase\S\S_007.png
S_008,S,S,uppercase,media_1791224864955.jpg,uppercase_m_to_z,0,6,7,555,474,577,499,128,3.84,1612,107.83,95.66,1.0,1.0,GOOD,NONE,C:\Projects\Transcriber\dataset\glyphs\uppercase\S\S_008.png
S_009,S,S,uppercase,media_1791224864955.jpg,uppercase_m_to_z,0,6,8,625,472,645,497,128,3.84,1304,106.56,74.34,1.0,1.0,GOOD,NONE,C:\Projects\Transcriber\dataset\glyphs\uppercase\S\S_009.png
S_010,S,S,uppercase,media_1791224864955.jpg,uppercase_m_to_z,0,6,9,696,471,717,500,128,3.31,1115,106.95,94.73,1.0,1.0,GOOD,NONE,C:\Projects\Transcriber\dataset\glyphs\uppercase\S\S_010.png
S_011,S,S,uppercase,media_1791224864955.jpg,uppercase_m_to_z,0,6,10,781,473,799,502,128,3.31,1044,111.99,127.98,1.0,1.0,GOOD,NONE,C:\Projects\Transcriber\dataset\glyphs\uppercase\S\S_011.png
S_012,S,S,uppercase,media_1791224864955.jpg,uppercase_m_to_z,0,6,11,845,473,863,500,128,3.556,1075,118.94,113.32,1.0,1.0,GOOD,NONE,C:\Projects\Transcriber\dataset\glyphs\uppercase\S\S_012.png
S_013,S,S,uppercase,media_1791224864955.jpg,uppercase_m_to_z,0,6,12,911,468,939,496,128,3.429,1640,124.22,136.82,1.0,1.0,GOOD,NONE,C:\Projects\Transcriber\dataset\glyphs\uppercase\S\S_013.png
S_014,S,S,uppercase,media_1791224864955.jpg,uppercase_m_to_z,0,6,13,979,469,1003,496,128,3.556,1199,125.5,95.47,1.0,1.0,GOOD,NONE,C:\Projects\Transcriber\dataset\glyphs\uppercase\S\S_014.png
T_001,T,T,uppercase,media_1791224864955.jpg,uppercase_m_to_z,0,7,0,44,543,71,568,128,3.556,1471,121.29,107.0,1.0,1.0,GOOD,NONE,C:\Projects\Transcriber\dataset\glyphs\uppercase\T\T_001.png
T_002,T,T,uppercase,media_1791224864955.jpg,uppercase_m_to_z,0,7,1,124,546,148,568,128,4.0,1520,127.83,70.11,1.0,1.0,GOOD,NONE,C:\Projects\Transcriber\dataset\glyphs\uppercase\T\T_002.png
T_003,T,T,uppercase,media_1791224864955.jpg,uppercase_m_to_z,0,7,2,194,544,220,568,128,3.692,1344,117.98,103.56,1.0,1.0,GOOD,NONE,C:\Projects\Transcriber\dataset\glyphs\uppercase\T\T_003.png
T_004,T,T,uppercase,media_1791224864955.jpg,uppercase_m_to_z,0,7,3,266,542,287,568,128,3.692,1268,130.69,117.64,1.0,1.0,GOOD,NONE,C:\Projects\Transcriber\dataset\glyphs\uppercase\T\T_004.png
T_005,T,T,uppercase,media_1791224864955.jpg,uppercase_m_to_z,0,7,4,327,543,351,565,128,4.0,1568,99.61,101.02,1.0,1.0,GOOD,NONE,C:\Projects\Transcriber\dataset\glyphs\uppercase\T\T_005.png
T_006,T,T,uppercase,media_1791224864955.jpg,uppercase_m_to_z,0,7,5,401,541,422,566,128,3.84,1452,110.74,115.72,1.0,1.0,GOOD,NONE,C:\Projects\Transcriber\dataset\glyphs\uppercase\T\T_006.png
T_007,T,T,uppercase,media_1791224864955.jpg,uppercase_m_to_z,0,7,6,482,542,507,567,128,3.84,1574,100.55,64.86,1.0,1.0,GOOD,NONE,C:\Projects\Transcriber\dataset\glyphs\uppercase\T\T_007.png
T_008,T,T,uppercase,media_1791224864955.jpg,uppercase_m_to_z,0,7,7,554,540,578,564,128,4.0,1728,114.13,74.65,1.0,1.0,GOOD,NONE,C:\Projects\Transcriber\dataset\glyphs\uppercase\T\T_008.png
T_009,T,T,uppercase,media_1791224864955.jpg,uppercase_m_to_z,0,7,8,632,541,655,566,128,3.84,1464,117.79,66.42,1.0,1.0,GOOD,NONE,C:\Projects\Transcriber\dataset\glyphs\uppercase\T\T_009.png
T_010,T,T,uppercase,media_1791224864955.jpg,uppercase_m_to_z,0,7,9,701,541,728,566,128,3.556,1409,113.58,96.5,1.0,1.0,GOOD,NONE,C:\Projects\Transcriber\dataset\glyphs\uppercase\T\T_010.png
T_011,T,T,uppercase,media_1791224864955.jpg,uppercase_m_to_z,0,7,10,770,542,792,566,128,4.0,1552,117.55,55.89,1.0,1.0,GOOD,NONE,C:\Projects\Transcriber\dataset\glyphs\uppercase\T\T_011.png
T_012,T,T,uppercase,media_1791224864955.jpg,uppercase_m_to_z,0,7,11,847,542,868,567,128,3.84,1429,129.04,86.82,1.0,1.0,GOOD,NONE,C:\Projects\Transcriber\dataset\glyphs\uppercase\T\T_012.png
T_013,T,T,uppercase,media_1791224864955.jpg,uppercase_m_to_z,0,7,12,905,540,929,564,128,4.0,1776,125.35,72.75,1.0,1.0,GOOD,NONE,C:\Projects\Transcriber\dataset\glyphs\uppercase\T\T_013.png
T_014,T,T,uppercase,media_1791224864955.jpg,uppercase_m_to_z,0,7,13,973,542,999,566,128,3.692,1541,137.63,105.79,1.0,1.0,GOOD,NONE,C:\Projects\Transcriber\dataset\glyphs\uppercase\T\T_014.png
U_001,U,U,uppercase,media_1791224864955.jpg,uppercase_m_to_z,0,8,0,46,611,65,636,128,3.84,1809,131.26,126.84,1.0,1.0,GOOD,NONE,C:\Projects\Transcriber\dataset\glyphs\uppercase\U\U_001.png
U_002,U,U,uppercase,media_1791224864955.jpg,uppercase_m_to_z,0,8,1,115,610,136,634,128,4.0,1840,126.13,113.24,1.0,1.0,GOOD,NONE,C:\Projects\Transcriber\dataset\glyphs\uppercase\U\U_002.png
U_003,U,U,uppercase,media_1791224864955.jpg,uppercase_m_to_z,0,8,2,194,610,212,633,128,4.174,1738,116.32,94.33,1.0,1.0,GOOD,NONE,C:\Projects\Transcriber\dataset\glyphs\uppercase\U\U_003.png
U_004,U,U,uppercase,media_1791224864955.jpg,uppercase_m_to_z,0,8,3,256,610,278,632,128,4.364,1982,119.48,78.38,1.0,1.0,GOOD,NONE,C:\Projects\Transcriber\dataset\glyphs\uppercase\U\U_004.png
U_005,U,U,uppercase,media_1791224864955.jpg,uppercase_m_to_z,0,8,4,336,608,356,631,128,4.174,1814,112.75,91.93,1.0,1.0,GOOD,NONE,C:\Projects\Transcriber\dataset\glyphs\uppercase\U\U_005.png
U_006,U,U,uppercase,media_1791224864955.jpg,uppercase_m_to_z,0,8,5,402,608,423,634,128,3.692,1427,106.86,104.33,1.0,1.0,GOOD,NONE,C:\Projects\Transcriber\dataset\glyphs\uppercase\U\U_006.png
U_007,U,U,uppercase,media_1791224864955.jpg,uppercase_m_to_z,0,8,6,473,606,496,631,128,3.84,1683,115.55,72.65,1.0,1.0,GOOD,NONE,C:\Projects\Transcriber\dataset\glyphs\uppercase\U\U_007.png
U_008,U,U,uppercase,media_1791224864955.jpg,uppercase_m_to_z,0,8,7,546,607,570,633,128,3.692,1661,99.57,95.43,1.0,1.0,GOOD,NONE,C:\Projects\Transcriber\dataset\glyphs\uppercase\U\U_008.png
U_009,U,U,uppercase,media_1791224864955.jpg,uppercase_m_to_z,0,8,8,637,604,659,629,128,3.84,1899,109.07,117.51,1.0,1.0,GOOD,NONE,C:\Projects\Transcriber\dataset\glyphs\uppercase\U\U_009.png
U_010,U,U,uppercase,media_1791224864955.jpg,uppercase_m_to_z,0,8,9,693,608,716,631,128,4.174,1903,109.92,66.02,1.0,1.0,GOOD,NONE,C:\Projects\Transcriber\dataset\glyphs\uppercase\U\U_010.png
U_011,U,U,uppercase,media_1791224864955.jpg,uppercase_m_to_z,0,8,10,770,608,792,632,128,4.0,1952,113.6,91.27,1.0,1.0,GOOD,NONE,C:\Projects\Transcriber\dataset\glyphs\uppercase\U\U_011.png
U_012,U,U,uppercase,media_1791224864955.jpg,uppercase_m_to_z,0,8,11,834,609,858,632,128,4.0,1872,111.45,93.99,1.0,1.0,GOOD,NONE,C:\Projects\Transcriber\dataset\glyphs\uppercase\U\U_012.png
U_013,U,U,uppercase,media_1791224864955.jpg,uppercase_m_to_z,0,8,12,899,614,922,637,128,4.174,1902,112.12,94.74,1.0,1.0,GOOD,NONE,C:\Projects\Transcriber\dataset\glyphs\uppercase\U\U_013.png
U_014,U,U,uppercase,media_1791224864955.jpg,uppercase_m_to_z,0,8,13,963,614,986,633,128,4.174,1554,118.37,107.24,1.0,1.0,GOOD,NONE,C:\Projects\Transcriber\dataset\glyphs\uppercase\U\U_014.png
V_001,V,V,uppercase,media_1791224864955.jpg,uppercase_m_to_z,0,9,0,38,679,59,702,128,4.174,1776,143.98,71.89,1.0,1.0,GOOD,NONE,C:\Projects\Transcriber\dataset\glyphs\uppercase\V\V_001.png
V_002,V,V,uppercase,media_1791224864955.jpg,uppercase_m_to_z,0,9,1,117,677,142,702,128,3.84,1752,126.1,78.04,1.0,1.0,GOOD,NONE,C:\Projects\Transcriber\dataset\glyphs\uppercase\V\V_002.png
V_003,V,V,uppercase,media_1791224864955.jpg,uppercase_m_to_z,0,9,2,179,679,199,701,128,4.364,1796,126.11,67.16,1.0,1.0,GOOD,NONE,C:\Projects\Transcriber\dataset\glyphs\uppercase\V\V_003.png
V_004,V,V,uppercase,media_1791224864955.jpg,uppercase_m_to_z,0,9,3,260,677,282,699,128,4.364,1949,124.62,53.95,1.0,1.0,GOOD,NONE,C:\Projects\Transcriber\dataset\glyphs\uppercase\V\V_004.png
V_005,V,V,uppercase,media_1791224864955.jpg,uppercase_m_to_z,0,9,4,333,679,357,701,128,4.0,1552,114.2,75.62,1.0,1.0,GOOD,NONE,C:\Projects\Transcriber\dataset\glyphs\uppercase\V\V_005.png
V_006,V,V,uppercase,media_1791224864955.jpg,uppercase_m_to_z,0,9,5,399,680,421,702,128,4.364,1780,107.26,45.22,1.0,1.0,GOOD,NONE,C:\Projects\Transcriber\dataset\glyphs\uppercase\V\V_006.png
V_007,V,V,uppercase,media_1791224864955.jpg,uppercase_m_to_z,0,9,6,467,679,487,700,128,4.571,1921,102.69,45.99,1.0,1.0,GOOD,NONE,C:\Projects\Transcriber\dataset\glyphs\uppercase\V\V_007.png
V_008,V,V,uppercase,media_1791224864955.jpg,uppercase_m_to_z,0,9,7,536,677,558,701,128,4.0,1632,105.35,57.87,1.0,1.0,GOOD,NONE,C:\Projects\Transcriber\dataset\glyphs\uppercase\V\V_008.png
V_009,V,V,uppercase,media_1791224864955.jpg,uppercase_m_to_z,0,9,8,621,678,644,700,128,4.174,1727,111.18,55.92,1.0,1.0,GOOD,NONE,C:\Projects\Transcriber\dataset\glyphs\uppercase\V\V_009.png
V_010,V,V,uppercase,media_1791224864955.jpg,uppercase_m_to_z,0,9,9,688,677,712,698,128,4.0,1536,113.27,73.43,1.0,1.0,GOOD,NONE,C:\Projects\Transcriber\dataset\glyphs\uppercase\V\V_010.png
V_011,V,V,uppercase,media_1791224864955.jpg,uppercase_m_to_z,0,9,10,764,674,786,696,128,4.364,1957,110.23,59.72,1.0,1.0,GOOD,NONE,C:\Projects\Transcriber\dataset\glyphs\uppercase\V\V_011.png
V_012,V,V,uppercase,media_1791224864955.jpg,uppercase_m_to_z,0,9,11,827,673,847,697,128,4.0,1680,123.97,96.55,1.0,1.0,GOOD,NONE,C:\Projects\Transcriber\dataset\glyphs\uppercase\V\V_012.png
V_013,V,V,uppercase,media_1791224864955.jpg,uppercase_m_to_z,0,9,12,888,672,912,697,128,3.84,1741,113.15,110.49,1.0,1.0,GOOD,NONE,C:\Projects\Transcriber\dataset\glyphs\uppercase\V\V_013.png
V_014,V,V,uppercase,media_1791224864955.jpg,uppercase_m_to_z,0,9,13,958,676,985,698,128,3.556,1385,136.5,160.23,1.0,1.0,GOOD,NONE,C:\Projects\Transcriber\dataset\glyphs\uppercase\V\V_014.png
W_001,W,W,uppercase,media_1791224864955.jpg,uppercase_m_to_z,0,10,0,33,741,61,770,128,3.31,2137,138.14,141.42,1.0,1.0,GOOD,NONE,C:\Projects\Transcriber\dataset\glyphs\uppercase\W\W_001.png
W_002,W,W,uppercase,media_1791224864955.jpg,uppercase_m_to_z,0,10,1,110,738,136,769,128,3.097,1786,124.59,207.02,1.0,1.0,GOOD,NONE,C:\Projects\Transcriber\dataset\glyphs\uppercase\W\W_002.png
W_003,W,W,uppercase,media_1791224864955.jpg,uppercase_m_to_z,0,10,2,181,743,204,771,128,3.429,1787,123.57,121.46,1.0,1.0,GOOD,NONE,C:\Projects\Transcriber\dataset\glyphs\uppercase\W\W_003.png
W_004,W,W,uppercase,media_1791224864955.jpg,uppercase_m_to_z,0,10,3,250,744,273,771,128,3.556,1844,122.48,120.53,1.0,1.0,GOOD,NONE,C:\Projects\Transcriber\dataset\glyphs\uppercase\W\W_004.png
W_005,W,W,uppercase,media_1791224864955.jpg,uppercase_m_to_z,0,10,4,322,742,349,770,128,3.429,1937,110.83,90.97,1.0,1.0,GOOD,NONE,C:\Projects\Transcriber\dataset\glyphs\uppercase\W\W_005.png
W_006,W,W,uppercase,media_1791224864955.jpg,uppercase_m_to_z,0,10,5,394,743,420,771,128,3.429,1869,100.11,65.72,1.0,1.0,GOOD,NONE,C:\Projects\Transcriber\dataset\glyphs\uppercase\W\W_006.png
W_007,W,W,uppercase,media_1791224864955.jpg,uppercase_m_to_z,0,10,6,468,743,493,770,128,3.556,2220,93.07,60.64,1.0,1.0,GOOD,NONE,C:\Projects\Transcriber\dataset\glyphs\uppercase\W\W_007.png
W_008,W,W,uppercase,media_1791224864955.jpg,uppercase_m_to_z,0,10,7,541,741,566,768,128,3.556,1988,95.56,64.39,1.0,1.0,GOOD,NONE,C:\Projects\Transcriber\dataset\glyphs\uppercase\W\W_008.png
W_009,W,W,uppercase,media_1791224864955.jpg,uppercase_m_to_z,0,10,8,622,744,650,772,128,3.429,2084,92.3,64.48,1.0,1.0,GOOD,NONE,C:\Projects\Transcriber\dataset\glyphs\uppercase\W\W_009.png
W_010,W,W,uppercase,media_1791224864955.jpg,uppercase_m_to_z,0,10,9,687,743,715,771,128,3.429,2088,108.6,86.17,1.0,1.0,GOOD,NONE,C:\Projects\Transcriber\dataset\glyphs\uppercase\W\W_010.png
W_011,W,W,uppercase,media_1791224864955.jpg,uppercase_m_to_z,0,10,10,765,746,792,772,128,3.556,2079,116.28,108.42,1.0,1.0,GOOD,NONE,C:\Projects\Transcriber\dataset\glyphs\uppercase\W\W_011.png
W_012,W,W,uppercase,media_1791224864955.jpg,uppercase_m_to_z,0,10,11,835,746,862,771,128,3.556,1821,130.9,113.16,1.0,1.0,GOOD,NONE,C:\Projects\Transcriber\dataset\glyphs\uppercase\W\W_012.png
W_013,W,W,uppercase,media_1791224864955.jpg,uppercase_m_to_z,0,10,12,894,750,923,776,128,3.31,1462,133.88,143.7,1.0,1.0,GOOD,NONE,C:\Projects\Transcriber\dataset\glyphs\uppercase\W\W_013.png
W_014,W,W,uppercase,media_1791224864955.jpg,uppercase_m_to_z,0,10,13,960,744,990,772,128,3.2,1596,132.11,183.09,1.0,1.0,GOOD,NONE,C:\Projects\Transcriber\dataset\glyphs\uppercase\W\W_014.png
X_001,X,X,uppercase,media_1791224864955.jpg,uppercase_m_to_z,0,11,0,48,815,68,844,128,3.31,1551,144.27,155.38,1.0,1.0,GOOD,NONE,C:\Projects\Transcriber\dataset\glyphs\uppercase\X\X_001.png
X_002,X,X,uppercase,media_1791224864955.jpg,uppercase_m_to_z,0,11,1,119,819,138,844,128,3.84,1534,122.06,101.93,1.0,1.0,GOOD,NONE,C:\Projects\Transcriber\dataset\glyphs\uppercase\X\X_002.png
X_003,X,X,uppercase,media_1791224864955.jpg,uppercase_m_to_z,0,11,2,190,822,208,846,128,4.0,1488,124.2,95.42,1.0,1.0,GOOD,NONE,C:\Projects\Transcriber\dataset\glyphs\uppercase\X\X_003.png
X_004,X,X,uppercase,media_1791224864955.jpg,uppercase_m_to_z,0,11,3,263,823,283,847,128,4.0,1600,118.18,88.94,1.0,1.0,GOOD,NONE,C:\Projects\Transcriber\dataset\glyphs\uppercase\X\X_004.png
X_005,X,X,uppercase,media_1791224864955.jpg,uppercase_m_to_z,0,11,4,334,825,353,849,128,4.0,1568,106.53,66.97,1.0,1.0,GOOD,NONE,C:\Projects\Transcriber\dataset\glyphs\uppercase\X\X_005.png
X_006,X,X,uppercase,media_1791224864955.jpg,uppercase_m_to_z,0,11,5,406,818,428,844,128,3.692,1544,92.12,55.76,1.0,1.0,GOOD,NONE,C:\Projects\Transcriber\dataset\glyphs\uppercase\X\X_006.png
X_007,X,X,uppercase,media_1791224864955.jpg,uppercase_m_to_z,0,11,6,469,818,490,844,128,3.692,1457,84.76,38.82,1.0,1.0,GOOD,NONE,C:\Projects\Transcriber\dataset\glyphs\uppercase\X\X_007.png
X_008,X,X,uppercase,media_1791224864955.jpg,uppercase_m_to_z,0,11,7,551,820,571,843,128,4.174,1919,84.93,36.83,1.0,1.0,GOOD,NONE,C:\Projects\Transcriber\dataset\glyphs\uppercase\X\X_008.png
X_009,X,X,uppercase,media_1791224864955.jpg,uppercase_m_to_z,0,11,8,628,820,649,845,128,3.84,1743,90.6,52.98,1.0,1.0,GOOD,NONE,C:\Projects\Transcriber\dataset\glyphs\uppercase\X\X_009.png
X_010,X,X,uppercase,media_1791224864955.jpg,uppercase_m_to_z,0,11,9,697,820,722,846,128,3.692,1588,103.42,58.67,1.0,1.0,GOOD,NONE,C:\Projects\Transcriber\dataset\glyphs\uppercase\X\X_010.png
X_011,X,X,uppercase,media_1791224864955.jpg,uppercase_m_to_z,0,11,10,776,820,799,846,128,3.692,1446,120.06,91.31,1.0,1.0,GOOD,NONE,C:\Projects\Transcriber\dataset\glyphs\uppercase\X\X_011.png
X_012,X,X,uppercase,media_1791224864955.jpg,uppercase_m_to_z,0,11,11,842,822,865,848,128,3.692,1534,127.11,97.82,1.0,1.0,GOOD,NONE,C:\Projects\Transcriber\dataset\glyphs\uppercase\X\X_012.png
X_013,X,X,uppercase,media_1791224864955.jpg,uppercase_m_to_z,0,11,12,909,828,933,853,128,3.84,1621,123.61,97.56,1.0,1.0,GOOD,NONE,C:\Projects\Transcriber\dataset\glyphs\uppercase\X\X_013.png
X_014,X,X,uppercase,media_1791224864955.jpg,uppercase_m_to_z,0,11,13,972,828,992,851,128,4.174,1471,126.22,74.93,1.0,1.0,GOOD,NONE,C:\Projects\Transcriber\dataset\glyphs\uppercase\X\X_014.png
Y_001,Y,Y,uppercase,media_1791224864955.jpg,uppercase_m_to_z,0,12,0,42,886,63,922,128,2.667,974,126.71,256.32,1.0,1.0,GOOD,NONE,C:\Projects\Transcriber\dataset\glyphs\uppercase\Y\Y_001.png
Y_002,Y,Y,uppercase,media_1791224864955.jpg,uppercase_m_to_z,0,12,1,111,893,133,920,128,3.556,1300,128.2,122.4,1.0,1.0,GOOD,NONE,C:\Projects\Transcriber\dataset\glyphs\uppercase\Y\Y_002.png
Y_003,Y,Y,uppercase,media_1791224864955.jpg,uppercase_m_to_z,0,12,2,195,892,216,921,128,3.31,1248,125.74,131.93,1.0,1.0,GOOD,NONE,C:\Projects\Transcriber\dataset\glyphs\uppercase\Y\Y_003.png
Y_004,Y,Y,uppercase,media_1791224864955.jpg,uppercase_m_to_z,0,12,3,253,890,274,917,128,3.556,1229,116.73,107.71,1.0,1.0,GOOD,NONE,C:\Projects\Transcriber\dataset\glyphs\uppercase\Y\Y_004.png
Y_005,Y,Y,uppercase,media_1791224864955.jpg,uppercase_m_to_z,0,12,4,327,889,347,915,128,3.692,1263,111.7,77.14,1.0,1.0,GOOD,NONE,C:\Projects\Transcriber\dataset\glyphs\uppercase\Y\Y_005.png
Y_006,Y,Y,uppercase,media_1791224864955.jpg,uppercase_m_to_z,0,12,5,401,887,421,914,128,3.556,1361,108.85,70.4,1.0,1.0,GOOD,NONE,C:\Projects\Transcriber\dataset\glyphs\uppercase\Y\Y_006.png
Y_007,Y,Y,uppercase,media_1791224864955.jpg,uppercase_m_to_z,0,12,6,468,888,487,921,128,2.909,1096,100.97,115.35,1.0,1.0,GOOD,NONE,C:\Projects\Transcriber\dataset\glyphs\uppercase\Y\Y_007.png
Y_008,Y,Y,uppercase,media_1791224864955.jpg,uppercase_m_to_z,0,12,7,549,888,569,914,128,3.692,1390,107.82,59.24,1.0,1.0,GOOD,NONE,C:\Projects\Transcriber\dataset\glyphs\uppercase\Y\Y_008.png
Y_009,Y,Y,uppercase,media_1791224864955.jpg,uppercase_m_to_z,0,12,8,633,887,655,916,128,3.31,1165,94.0,64.55,1.0,1.0,GOOD,NONE,C:\Projects\Transcriber\dataset\glyphs\uppercase\Y\Y_009.png
Y_010,Y,Y,uppercase,media_1791224864955.jpg,uppercase_m_to_z,0,12,9,691,892,711,916,128,4.0,1504,105.45,60.18,1.0,1.0,GOOD,NONE,C:\Projects\Transcriber\dataset\glyphs\uppercase\Y\Y_010.png
Y_011,Y,Y,uppercase,media_1791224864955.jpg,uppercase_m_to_z,0,12,10,783,891,802,918,128,3.556,1255,125.69,127.49,1.0,1.0,GOOD,NONE,C:\Projects\Transcriber\dataset\glyphs\uppercase\Y\Y_011.png
Y_012,Y,Y,uppercase,media_1791224864955.jpg,uppercase_m_to_z,0,12,11,836,895,856,923,128,3.429,1187,129.23,132.56,1.0,1.0,GOOD,NONE,C:\Projects\Transcriber\dataset\glyphs\uppercase\Y\Y_012.png
Y_013,Y,Y,uppercase,media_1791224864955.jpg,uppercase_m_to_z,0,12,12,905,894,925,919,128,3.84,1307,118.55,108.33,1.0,1.0,GOOD,NONE,C:\Projects\Transcriber\dataset\glyphs\uppercase\Y\Y_013.png
Y_014,Y,Y,uppercase,media_1791224864955.jpg,uppercase_m_to_z,0,12,13,970,897,996,923,128,3.692,1436,116.16,107.84,1.0,1.0,GOOD,NONE,C:\Projects\Transcriber\dataset\glyphs\uppercase\Y\Y_014.png
Z_001,Z,Z,uppercase,media_1791224864955.jpg,uppercase_m_to_z,0,13,0,32,966,61,991,128,3.31,2166,120.35,187.01,1.0,1.0,GOOD,NONE,C:\Projects\Transcriber\dataset\glyphs\uppercase\Z\Z_001.png
Z_002,Z,Z,uppercase,media_1791224864955.jpg,uppercase_m_to_z,0,13,1,111,965,132,987,128,4.364,2617,108.36,69.62,1.0,1.0,GOOD,NONE,C:\Projects\Transcriber\dataset\glyphs\uppercase\Z\Z_002.png
Z_003,Z,Z,uppercase,media_1791224864955.jpg,uppercase_m_to_z,0,13,2,180,967,205,986,128,3.84,1830,114.11,115.93,1.0,1.0,GOOD,NONE,C:\Projects\Transcriber\dataset\glyphs\uppercase\Z\Z_003.png
Z_004,Z,Z,uppercase,media_1791224864955.jpg,uppercase_m_to_z,0,13,3,249,965,271,986,128,4.364,2305,108.0,66.29,1.0,1.0,GOOD,NONE,C:\Projects\Transcriber\dataset\glyphs\uppercase\Z\Z_004.png
Z_005,Z,Z,uppercase,media_1791224864955.jpg,uppercase_m_to_z,0,13,4,331,966,350,987,128,4.571,2322,106.06,77.35,1.0,1.0,GOOD,NONE,C:\Projects\Transcriber\dataset\glyphs\uppercase\Z\Z_005.png
Z_006,Z,Z,uppercase,media_1791224864955.jpg,uppercase_m_to_z,0,13,5,393,967,419,986,128,3.692,1483,100.46,65.99,1.0,1.0,GOOD,NONE,C:\Projects\Transcriber\dataset\glyphs\uppercase\Z\Z_006.png
Z_007,Z,Z,uppercase,media_1791224864955.jpg,uppercase_m_to_z,0,13,6,473,965,497,987,128,4.0,2032,99.19,55.94,1.0,1.0,GOOD,NONE,C:\Projects\Transcriber\dataset\glyphs\uppercase\Z\Z_007.png
Z_008,Z,Z,uppercase,media_1791224864955.jpg,uppercase_m_to_z,0,13,7,543,964,575,986,128,3.0,1233,95.38,132.52,1.0,1.0,GOOD,NONE,C:\Projects\Transcriber\dataset\glyphs\uppercase\Z\Z_008.png
Z_009,Z,Z,uppercase,media_1791224864955.jpg,uppercase_m_to_z,0,13,8,627,962,651,983,128,4.0,1712,106.94,58.74,1.0,1.0,GOOD,NONE,C:\Projects\Transcriber\dataset\glyphs\uppercase\Z\Z_009.png
Z_010,Z,Z,uppercase,media_1791224864955.jpg,uppercase_m_to_z,0,13,9,702,960,728,982,128,3.692,1624,116.47,78.09,1.0,1.0,GOOD,NONE,C:\Projects\Transcriber\dataset\glyphs\uppercase\Z\Z_010.png
Z_011,Z,Z,uppercase,media_1791224864955.jpg,uppercase_m_to_z,0,13,10,771,963,794,984,128,4.174,2019,112.57,66.61,1.0,1.0,GOOD,NONE,C:\Projects\Transcriber\dataset\glyphs\uppercase\Z\Z_011.png
Z_012,Z,Z,uppercase,media_1791224864955.jpg,uppercase_m_to_z,0,13,11,842,963,859,986,128,4.174,1719,120.74,115.34,1.0,1.0,GOOD,NONE,C:\Projects\Transcriber\dataset\glyphs\uppercase\Z\Z_012.png
Z_013,Z,Z,uppercase,media_1791224864955.jpg,uppercase_m_to_z,0,13,12,902,966,926,988,128,4.0,1984,96.93,106.83,1.0,1.0,GOOD,NONE,C:\Projects\Transcriber\dataset\glyphs\uppercase\Z\Z_013.png
Z_014,Z,Z,uppercase,media_1791224864955.jpg,uppercase_m_to_z,0,13,13,975,968,998,990,128,4.174,2041,110.19,93.17,1.0,1.0,GOOD,NONE,C:\Projects\Transcriber\dataset\glyphs\uppercase\Z\Z_014.png
A_001,A,A,uppercase,media_1791228862843.jpg,uppercase_a_to_l,0,0,0,30,24,51,58,128,2.824,1278,147.68,287.28,1.0,1.0,GOOD,NONE,C:\Projects\Transcriber\dataset\glyphs\uppercase\A\A_001.png
A_002,A,A,uppercase,media_1791228862843.jpg,uppercase_a_to_l,0,0,1,97,29,116,62,128,2.909,1336,149.77,283.32,1.0,1.0,GOOD,NONE,C:\Projects\Transcriber\dataset\glyphs\uppercase\A\A_002.png
A_003,A,A,uppercase,media_1791228862843.jpg,uppercase_a_to_l,0,0,2,173,28,193,57,128,3.31,1443,145.78,196.85,1.0,1.0,GOOD,NONE,C:\Projects\Transcriber\dataset\glyphs\uppercase\A\A_003.png
A_004,A,A,uppercase,media_1791228862843.jpg,uppercase_a_to_l,0,0,3,244,31,263,58,128,3.556,1583,153.45,170.69,1.0,1.0,GOOD,NONE,C:\Projects\Transcriber\dataset\glyphs\uppercase\A\A_004.png
A_005,A,A,uppercase,media_1791228862843.jpg,uppercase_a_to_l,0,0,4,327,32,349,57,128,3.84,1808,154.39,111.92,1.0,1.0,GOOD,NONE,C:\Projects\Transcriber\dataset\glyphs\uppercase\A\A_005.png
A_006,A,A,uppercase,media_1791228862843.jpg,uppercase_a_to_l,0,0,5,396,34,417,58,128,4.0,1968,156.37,98.03,1.0,1.0,GOOD,NONE,C:\Projects\Transcriber\dataset\glyphs\uppercase\A\A_006.png
A_007,A,A,uppercase,media_1791228862843.jpg,uppercase_a_to_l,0,0,6,472,36,492,61,128,3.84,1854,150.75,124.72,1.0,1.0,GOOD,NONE,C:\Projects\Transcriber\dataset\glyphs\uppercase\A\A_007.png
A_008,A,A,uppercase,media_1791228862843.jpg,uppercase_a_to_l,0,0,7,540,35,559,59,128,4.0,2016,167.18,103.33,1.0,1.0,GOOD,NONE,C:\Projects\Transcriber\dataset\glyphs\uppercase\A\A_008.png
A_009,A,A,uppercase,media_1791228862843.jpg,uppercase_a_to_l,0,0,8,612,35,632,61,128,3.692,1618,160.22,140.85,1.0,1.0,GOOD,NONE,C:\Projects\Transcriber\dataset\glyphs\uppercase\A\A_009.png
A_010,A,A,uppercase,media_1791228862843.jpg,uppercase_a_to_l,0,0,9,687,37,712,61,128,3.84,2103,151.83,105.5,1.0,1.0,GOOD,NONE,C:\Projects\Transcriber\dataset\glyphs\uppercase\A\A_010.png
A_011,A,A,uppercase,media_1791228862843.jpg,uppercase_a_to_l,0,0,10,757,38,777,62,128,4.0,1936,162.96,110.33,1.0,1.0,GOOD,NONE,C:\Projects\Transcriber\dataset\glyphs\uppercase\A\A_011.png
A_012,A,A,uppercase,media_1791228862843.jpg,uppercase_a_to_l,0,0,11,831,35,848,57,128,4.364,2197,164.34,106.71,1.0,1.0,GOOD,NONE,C:\Projects\Transcriber\dataset\glyphs\uppercase\A\A_012.png
A_013,A,A,uppercase,media_1791228862843.jpg,uppercase_a_to_l,0,0,12,905,35,923,60,128,3.84,1654,162.26,131.15,1.0,1.0,GOOD,NONE,C:\Projects\Transcriber\dataset\glyphs\uppercase\A\A_013.png
A_014,A,A,uppercase,media_1791228862843.jpg,uppercase_a_to_l,0,0,13,974,37,993,59,128,4.364,2247,161.19,88.49,1.0,1.0,GOOD,NONE,C:\Projects\Transcriber\dataset\glyphs\uppercase\A\A_014.png
B_001,B,B,uppercase,media_1791228862843.jpg,uppercase_a_to_l,0,1,0,32,105,52,129,128,4.0,2240,151.72,167.85,1.0,1.0,GOOD,NONE,C:\Projects\Transcriber\dataset\glyphs\uppercase\B\B_001.png
B_002,B,B,uppercase,media_1791228862843.jpg,uppercase_a_to_l,0,1,1,108,105,128,128,128,4.174,2396,144.1,134.96,1.0,1.0,GOOD,NONE,C:\Projects\Transcriber\dataset\glyphs\uppercase\B\B_002.png
B_003,B,B,uppercase,media_1791228862843.jpg,uppercase_a_to_l,0,1,2,175,103,194,124,128,4.571,2867,150.39,111.06,1.0,1.0,GOOD,NONE,C:\Projects\Transcriber\dataset\glyphs\uppercase\B\B_003.png
B_004,B,B,uppercase,media_1791228862843.jpg,uppercase_a_to_l,0,1,3,250,104,269,128,128,4.0,2256,143.88,206.16,1.0,1.0,GOOD,NONE,C:\Projects\Transcriber\dataset\glyphs\uppercase\B\B_004.png
B_005,B,B,uppercase,media_1791228862843.jpg,uppercase_a_to_l,0,1,4,332,105,351,127,128,4.364,2452,146.36,130.22,1.0,1.0,GOOD,NONE,C:\Projects\Transcriber\dataset\glyphs\uppercase\B\B_005.png
B_006,B,B,uppercase,media_1791228862843.jpg,uppercase_a_to_l,0,1,5,405,106,424,129,128,4.174,2441,137.51,117.21,1.0,1.0,GOOD,NONE,C:\Projects\Transcriber\dataset\glyphs\uppercase\B\B_006.png
B_007,B,B,uppercase,media_1791228862843.jpg,uppercase_a_to_l,0,1,6,470,110,487,131,128,4.571,2313,140.99,86.25,1.0,1.0,GOOD,NONE,C:\Projects\Transcriber\dataset\glyphs\uppercase\B\B_007.png
B_008,B,B,uppercase,media_1791228862843.jpg,uppercase_a_to_l,0,1,7,537,109,554,130,128,4.571,2315,136.74,107.68,1.0,1.0,GOOD,NONE,C:\Projects\Transcriber\dataset\glyphs\uppercase\B\B_008.png
B_009,B,B,uppercase,media_1791228862843.jpg,uppercase_a_to_l,0,1,8,605,106,622,130,128,4.0,2176,150.8,210.43,1.0,1.0,GOOD,NONE,C:\Projects\Transcriber\dataset\glyphs\uppercase\B\B_009.png
B_010,B,B,uppercase,media_1791228862843.jpg,uppercase_a_to_l,0,1,9,689,107,706,131,128,4.0,2176,149.63,201.01,1.0,1.0,GOOD,NONE,C:\Projects\Transcriber\dataset\glyphs\uppercase\B\B_010.png
B_011,B,B,uppercase,media_1791228862843.jpg,uppercase_a_to_l,0,1,10,761,108,779,129,128,4.571,2532,146.01,132.26,1.0,1.0,GOOD,NONE,C:\Projects\Transcriber\dataset\glyphs\uppercase\B\B_011.png
B_012,B,B,uppercase,media_1791228862843.jpg,uppercase_a_to_l,0,1,11,823,109,843,131,128,4.364,2525,153.89,119.22,1.0,1.0,GOOD,NONE,C:\Projects\Transcriber\dataset\glyphs\uppercase\B\B_012.png
B_013,B,B,uppercase,media_1791228862843.jpg,uppercase_a_to_l,0,1,12,895,106,914,127,128,4.571,2719,151.99,87.06,1.0,1.0,GOOD,NONE,C:\Projects\Transcriber\dataset\glyphs\uppercase\B\B_013.png
B_014,B,B,uppercase,media_1791228862843.jpg,uppercase_a_to_l,0,1,13,967,107,982,129,128,4.364,2176,157.64,144.65,1.0,1.0,GOOD,NONE,C:\Projects\Transcriber\dataset\glyphs\uppercase\B\B_014.png
C_001,C,C,uppercase,media_1791228862843.jpg,uppercase_a_to_l,0,2,0,40,177,61,202,128,3.84,1661,134.75,112.52,1.0,1.0,GOOD,NONE,C:\Projects\Transcriber\dataset\glyphs\uppercase\C\C_001.png
C_002,C,C,uppercase,media_1791228862843.jpg,uppercase_a_to_l,0,2,1,100,177,118,203,128,3.692,1049,118.16,99.9,1.0,1.0,GOOD,NONE,C:\Projects\Transcriber\dataset\glyphs\uppercase\C\C_002.png
C_003,C,C,uppercase,media_1791228862843.jpg,uppercase_a_to_l,0,2,2,176,181,196,206,128,3.84,1486,121.93,116.25,1.0,1.0,GOOD,NONE,C:\Projects\Transcriber\dataset\glyphs\uppercase\C\C_003.png
C_004,C,C,uppercase,media_1791228862843.jpg,uppercase_a_to_l,0,2,3,252,181,268,204,128,4.174,1331,121.31,141.23,1.0,1.0,GOOD,NONE,C:\Projects\Transcriber\dataset\glyphs\uppercase\C\C_004.png
C_005,C,C,uppercase,media_1791228862843.jpg,uppercase_a_to_l,0,2,4,331,179,349,203,128,4.0,1392,119.98,113.03,1.0,1.0,GOOD,NONE,C:\Projects\Transcriber\dataset\glyphs\uppercase\C\C_005.png
C_006,C,C,uppercase,media_1791228862843.jpg,uppercase_a_to_l,0,2,5,408,179,427,216,128,2.595,690,103.01,311.53,1.0,1.0,GOOD,NONE,C:\Projects\Transcriber\dataset\glyphs\uppercase\C\C_006.png
C_007,C,C,uppercase,media_1791228862843.jpg,uppercase_a_to_l,0,2,6,466,177,487,201,128,4.0,1328,111.47,82.54,1.0,1.0,GOOD,NONE,C:\Projects\Transcriber\dataset\glyphs\uppercase\C\C_007.png
C_008,C,C,uppercase,media_1791228862843.jpg,uppercase_a_to_l,0,2,7,544,177,562,199,128,4.364,1495,117.78,81.13,1.0,1.0,GOOD,NONE,C:\Projects\Transcriber\dataset\glyphs\uppercase\C\C_008.png
C_009,C,C,uppercase,media_1791228862843.jpg,uppercase_a_to_l,0,2,8,615,179,632,204,128,3.84,1238,109.45,124.28,1.0,1.0,GOOD,NONE,C:\Projects\Transcriber\dataset\glyphs\uppercase\C\C_009.png
C_010,C,C,uppercase,media_1791228862843.jpg,uppercase_a_to_l,0,2,9,686,181,707,205,128,4.0,1408,95.12,78.01,1.0,1.0,GOOD,NONE,C:\Projects\Transcriber\dataset\glyphs\uppercase\C\C_010.png
C_011,C,C,uppercase,media_1791228862843.jpg,uppercase_a_to_l,0,2,10,757,181,778,206,128,3.84,1378,104.02,90.16,1.0,1.0,GOOD,NONE,C:\Projects\Transcriber\dataset\glyphs\uppercase\C\C_011.png
C_012,C,C,uppercase,media_1791228862843.jpg,uppercase_a_to_l,0,2,11,830,179,846,205,128,3.692,1117,110.88,141.77,1.0,1.0,GOOD,NONE,C:\Projects\Transcriber\dataset\glyphs\uppercase\C\C_012.png
C_013,C,C,uppercase,media_1791228862843.jpg,uppercase_a_to_l,0,2,12,904,180,920,204,128,4.0,1104,122.92,98.91,1.0,1.0,GOOD,NONE,C:\Projects\Transcriber\dataset\glyphs\uppercase\C\C_013.png
C_014,C,C,uppercase,media_1791228862843.jpg,uppercase_a_to_l,0,2,13,978,177,995,198,128,4.571,1615,131.57,70.35,1.0,1.0,GOOD,NONE,C:\Projects\Transcriber\dataset\glyphs\uppercase\C\C_014.png
D_001,D,D,uppercase,media_1791228862843.jpg,uppercase_a_to_l,0,3,0,32,252,55,275,128,4.174,2424,136.48,83.7,1.0,1.0,GOOD,NONE,C:\Projects\Transcriber\dataset\glyphs\uppercase\D\D_001.png
D_002,D,D,uppercase,media_1791228862843.jpg,uppercase_a_to_l,0,3,1,107,253,126,275,128,4.364,2394,141.23,94.18,1.0,1.0,GOOD,NONE,C:\Projects\Transcriber\dataset\glyphs\uppercase\D\D_002.png
D_003,D,D,uppercase,media_1791228862843.jpg,uppercase_a_to_l,0,3,2,179,252,198,274,128,4.364,2216,134.17,74.71,1.0,1.0,GOOD,NONE,C:\Projects\Transcriber\dataset\glyphs\uppercase\D\D_003.png
D_004,D,D,uppercase,media_1791228862843.jpg,uppercase_a_to_l,0,3,3,244,254,263,276,128,4.364,2400,133.7,99.22,1.0,1.0,GOOD,NONE,C:\Projects\Transcriber\dataset\glyphs\uppercase\D\D_004.png
D_005,D,D,uppercase,media_1791228862843.jpg,uppercase_a_to_l,0,3,4,332,251,351,271,128,4.8,2586,138.73,64.03,1.0,1.0,GOOD,NONE,C:\Projects\Transcriber\dataset\glyphs\uppercase\D\D_005.png
D_006,D,D,uppercase,media_1791228862843.jpg,uppercase_a_to_l,0,3,5,406,249,425,269,128,4.8,2516,143.97,59.68,1.0,1.0,GOOD,NONE,C:\Projects\Transcriber\dataset\glyphs\uppercase\D\D_006.png
D_007,D,D,uppercase,media_1791228862843.jpg,uppercase_a_to_l,0,3,6,471,251,490,270,128,5.053,2850,137.95,42.3,1.0,1.0,GOOD,NONE,C:\Projects\Transcriber\dataset\glyphs\uppercase\D\D_007.png
D_008,D,D,uppercase,media_1791228862843.jpg,uppercase_a_to_l,0,3,7,537,253,555,273,128,4.8,2716,130.23,88.4,1.0,1.0,GOOD,NONE,C:\Projects\Transcriber\dataset\glyphs\uppercase\D\D_008.png
D_009,D,D,uppercase,media_1791228862843.jpg,uppercase_a_to_l,0,3,8,604,253,621,274,128,4.571,2439,133.6,119.11,1.0,1.0,GOOD,NONE,C:\Projects\Transcriber\dataset\glyphs\uppercase\D\D_009.png
D_010,D,D,uppercase,media_1791228862843.jpg,uppercase_a_to_l,0,3,9,681,253,701,285,128,3.0,1296,121.15,211.02,1.0,1.0,GOOD,NONE,C:\Projects\Transcriber\dataset\glyphs\uppercase\D\D_010.png
D_011,D,D,uppercase,media_1791228862843.jpg,uppercase_a_to_l,0,3,10,755,253,775,275,128,4.364,2560,142.93,70.47,1.0,1.0,GOOD,NONE,C:\Projects\Transcriber\dataset\glyphs\uppercase\D\D_011.png
D_012,D,D,uppercase,media_1791228862843.jpg,uppercase_a_to_l,0,3,11,816,252,836,273,128,4.571,2659,139.87,80.53,1.0,1.0,GOOD,NONE,C:\Projects\Transcriber\dataset\glyphs\uppercase\D\D_012.png
D_013,D,D,uppercase,media_1791228862843.jpg,uppercase_a_to_l,0,3,12,896,252,915,273,128,4.571,2474,151.47,99.37,1.0,1.0,GOOD,NONE,C:\Projects\Transcriber\dataset\glyphs\uppercase\D\D_013.png
D_014,D,D,uppercase,media_1791228862843.jpg,uppercase_a_to_l,0,3,13,962,252,980,274,128,4.364,2308,149.43,118.49,1.0,1.0,GOOD,NONE,C:\Projects\Transcriber\dataset\glyphs\uppercase\D\D_014.png
E_001,E,E,uppercase,media_1791228862843.jpg,uppercase_a_to_l,0,4,0,28,322,49,348,128,3.692,2039,123.29,97.19,1.0,1.0,GOOD,NONE,C:\Projects\Transcriber\dataset\glyphs\uppercase\E\E_001.png
E_002,E,E,uppercase,media_1791228862843.jpg,uppercase_a_to_l,0,4,1,101,322,125,344,128,4.0,2544,118.57,60.95,1.0,1.0,GOOD,NONE,C:\Projects\Transcriber\dataset\glyphs\uppercase\E\E_002.png
E_003,E,E,uppercase,media_1791228862843.jpg,uppercase_a_to_l,0,4,2,174,324,196,343,128,4.364,2661,118.65,89.76,1.0,1.0,GOOD,NONE,C:\Projects\Transcriber\dataset\glyphs\uppercase\E\E_003.png
E_004,E,E,uppercase,media_1791228862843.jpg,uppercase_a_to_l,0,4,3,246,321,266,340,128,4.8,2701,122.14,72.26,1.0,1.0,GOOD,NONE,C:\Projects\Transcriber\dataset\glyphs\uppercase\E\E_004.png
E_005,E,E,uppercase,media_1791228862843.jpg,uppercase_a_to_l,0,4,4,333,319,357,339,128,4.0,2016,117.76,77.1,1.0,1.0,GOOD,NONE,C:\Projects\Transcriber\dataset\glyphs\uppercase\E\E_005.png
E_006,E,E,uppercase,media_1791228862843.jpg,uppercase_a_to_l,0,4,5,410,321,433,341,128,4.174,2189,115.89,97.42,1.0,1.0,GOOD,NONE,C:\Projects\Transcriber\dataset\glyphs\uppercase\E\E_006.png
E_007,E,E,uppercase,media_1791228862843.jpg,uppercase_a_to_l,0,4,6,465,318,483,342,128,4.0,1968,108.15,64.38,1.0,1.0,GOOD,NONE,C:\Projects\Transcriber\dataset\glyphs\uppercase\E\E_007.png
E_008,E,E,uppercase,media_1791228862843.jpg,uppercase_a_to_l,0,4,7,538,321,558,342,128,4.571,2620,104.64,32.48,1.0,1.0,GOOD,NONE,C:\Projects\Transcriber\dataset\glyphs\uppercase\E\E_008.png
E_009,E,E,uppercase,media_1791228862843.jpg,uppercase_a_to_l,0,4,8,607,321,626,342,128,4.571,2629,103.16,59.34,1.0,1.0,GOOD,NONE,C:\Projects\Transcriber\dataset\glyphs\uppercase\E\E_009.png
E_010,E,E,uppercase,media_1791228862843.jpg,uppercase_a_to_l,0,4,9,671,320,695,339,128,4.0,2112,115.1,111.54,1.0,1.0,GOOD,NONE,C:\Projects\Transcriber\dataset\glyphs\uppercase\E\E_010.png
E_011,E,E,uppercase,media_1791228862843.jpg,uppercase_a_to_l,0,4,10,767,320,787,343,128,4.174,2159,119.36,68.34,1.0,1.0,GOOD,NONE,C:\Projects\Transcriber\dataset\glyphs\uppercase\E\E_011.png
E_012,E,E,uppercase,media_1791228862843.jpg,uppercase_a_to_l,0,4,11,834,319,854,342,128,4.174,2242,123.67,98.05,1.0,1.0,GOOD,NONE,C:\Projects\Transcriber\dataset\glyphs\uppercase\E\E_012.png
E_013,E,E,uppercase,media_1791228862843.jpg,uppercase_a_to_l,0,4,12,909,322,927,343,128,4.571,2284,125.17,115.69,1.0,1.0,GOOD,NONE,C:\Projects\Transcriber\dataset\glyphs\uppercase\E\E_013.png
E_014,E,E,uppercase,media_1791228862843.jpg,uppercase_a_to_l,0,4,13,979,325,999,345,128,4.8,2742,121.43,89.47,1.0,1.0,GOOD,NONE,C:\Projects\Transcriber\dataset\glyphs\uppercase\E\E_014.png
F_001,F,F,uppercase,media_1791228862843.jpg,uppercase_a_to_l,0,5,0,35,398,55,423,128,3.84,1873,119.52,69.24,1.0,1.0,GOOD,NONE,C:\Projects\Transcriber\dataset\glyphs\uppercase\F\F_001.png
F_002,F,F,uppercase,media_1791228862843.jpg,uppercase_a_to_l,0,5,1,103,397,122,421,128,4.0,1808,117.77,60.84,1.0,1.0,GOOD,NONE,C:\Projects\Transcriber\dataset\glyphs\uppercase\F\F_002.png
F_003,F,F,uppercase,media_1791228862843.jpg,uppercase_a_to_l,0,5,2,176,394,194,419,128,3.84,1594,109.22,98.22,1.0,1.0,GOOD,NONE,C:\Projects\Transcriber\dataset\glyphs\uppercase\F\F_003.png
F_004,F,F,uppercase,media_1791228862843.jpg,uppercase_a_to_l,0,5,3,258,394,276,419,128,3.84,1627,110.65,88.28,1.0,1.0,GOOD,NONE,C:\Projects\Transcriber\dataset\glyphs\uppercase\F\F_004.png
F_005,F,F,uppercase,media_1791228862843.jpg,uppercase_a_to_l,0,5,4,334,392,351,416,128,4.0,1616,107.47,109.06,1.0,1.0,GOOD,NONE,C:\Projects\Transcriber\dataset\glyphs\uppercase\F\F_005.png
F_006,F,F,uppercase,media_1791228862843.jpg,uppercase_a_to_l,0,5,5,407,394,424,419,128,3.84,1425,109.47,50.7,1.0,1.0,GOOD,NONE,C:\Projects\Transcriber\dataset\glyphs\uppercase\F\F_006.png
F_007,F,F,uppercase,media_1791228862843.jpg,uppercase_a_to_l,0,5,6,470,395,488,420,128,3.84,1416,102.63,32.27,1.0,1.0,GOOD,NONE,C:\Projects\Transcriber\dataset\glyphs\uppercase\F\F_007.png
F_008,F,F,uppercase,media_1791228862843.jpg,uppercase_a_to_l,0,5,7,542,395,559,419,128,4.0,1552,103.85,36.82,1.0,1.0,GOOD,NONE,C:\Projects\Transcriber\dataset\glyphs\uppercase\F\F_008.png
F_009,F,F,uppercase,media_1791228862843.jpg,uppercase_a_to_l,0,5,8,612,394,631,419,128,3.84,1649,106.84,45.0,1.0,1.0,GOOD,NONE,C:\Projects\Transcriber\dataset\glyphs\uppercase\F\F_009.png
F_010,F,F,uppercase,media_1791228862843.jpg,uppercase_a_to_l,0,5,9,684,393,703,418,128,3.84,1569,114.28,55.82,1.0,1.0,GOOD,NONE,C:\Projects\Transcriber\dataset\glyphs\uppercase\F\F_010.png
F_011,F,F,uppercase,media_1791228862843.jpg,uppercase_a_to_l,0,5,10,760,395,779,417,128,4.364,2001,109.37,54.88,1.0,1.0,GOOD,NONE,C:\Projects\Transcriber\dataset\glyphs\uppercase\F\F_011.png
F_012,F,F,uppercase,media_1791228862843.jpg,uppercase_a_to_l,0,5,11,833,398,853,422,128,4.0,1776,114.71,92.94,1.0,1.0,GOOD,NONE,C:\Projects\Transcriber\dataset\glyphs\uppercase\F\F_012.png
F_013,F,F,uppercase,media_1791228862843.jpg,uppercase_a_to_l,0,5,12,900,395,918,421,128,3.692,1534,124.13,94.02,1.0,1.0,GOOD,NONE,C:\Projects\Transcriber\dataset\glyphs\uppercase\F\F_013.png
F_014,F,F,uppercase,media_1791228862843.jpg,uppercase_a_to_l,0,5,13,966,400,987,421,128,4.571,2207,115.96,40.9,1.0,1.0,GOOD,NONE,C:\Projects\Transcriber\dataset\glyphs\uppercase\F\F_014.png
G_001,G,G,uppercase,media_1791228862843.jpg,uppercase_a_to_l,0,6,0,32,468,54,496,128,3.429,1975,126.06,132.39,1.0,1.0,GOOD,NONE,C:\Projects\Transcriber\dataset\glyphs\uppercase\G\G_001.png
G_002,G,G,uppercase,media_1791228862843.jpg,uppercase_a_to_l,0,6,1,102,470,124,494,128,4.0,2176,128.9,72.65,1.0,1.0,GOOD,NONE,C:\Projects\Transcriber\dataset\glyphs\uppercase\G\G_002.png
G_003,G,G,uppercase,media_1791228862843.jpg,uppercase_a_to_l,0,6,2,178,466,200,493,128,3.556,1773,120.35,91.42,1.0,1.0,GOOD,NONE,C:\Projects\Transcriber\dataset\glyphs\uppercase\G\G_003.png
G_004,G,G,uppercase,media_1791228862843.jpg,uppercase_a_to_l,0,6,3,247,467,269,493,128,3.692,2069,111.61,97.53,1.0,1.0,GOOD,NONE,C:\Projects\Transcriber\dataset\glyphs\uppercase\G\G_004.png
G_005,G,G,uppercase,media_1791228862843.jpg,uppercase_a_to_l,0,6,4,336,470,356,494,128,4.0,1968,101.86,57.12,1.0,1.0,GOOD,NONE,C:\Projects\Transcriber\dataset\glyphs\uppercase\G\G_005.png
G_006,G,G,uppercase,media_1791228862843.jpg,uppercase_a_to_l,0,6,5,405,465,424,492,128,3.556,1585,100.02,78.53,1.0,1.0,GOOD,NONE,C:\Projects\Transcriber\dataset\glyphs\uppercase\G\G_006.png
G_007,G,G,uppercase,media_1791228862843.jpg,uppercase_a_to_l,0,6,6,471,466,493,492,128,3.692,1874,92.97,50.51,1.0,1.0,GOOD,NONE,C:\Projects\Transcriber\dataset\glyphs\uppercase\G\G_007.png
G_008,G,G,uppercase,media_1791228862843.jpg,uppercase_a_to_l,0,6,7,538,469,556,493,128,4.0,1968,94.46,69.42,1.0,1.0,GOOD,NONE,C:\Projects\Transcriber\dataset\glyphs\uppercase\G\G_008.png
G_009,G,G,uppercase,media_1791228862843.jpg,uppercase_a_to_l,0,6,8,607,470,627,493,128,4.174,2011,105.78,53.68,1.0,1.0,GOOD,NONE,C:\Projects\Transcriber\dataset\glyphs\uppercase\G\G_009.png
G_010,G,G,uppercase,media_1791228862843.jpg,uppercase_a_to_l,0,6,9,684,471,708,497,128,3.692,1911,107.73,64.41,1.0,1.0,GOOD,NONE,C:\Projects\Transcriber\dataset\glyphs\uppercase\G\G_010.png
G_011,G,G,uppercase,media_1791228862843.jpg,uppercase_a_to_l,0,6,10,750,471,776,497,128,3.692,2223,107.14,84.62,1.0,1.0,GOOD,NONE,C:\Projects\Transcriber\dataset\glyphs\uppercase\G\G_011.png
G_012,G,G,uppercase,media_1791228862843.jpg,uppercase_a_to_l,0,6,11,823,471,847,495,128,4.0,2240,117.87,69.42,1.0,1.0,GOOD,NONE,C:\Projects\Transcriber\dataset\glyphs\uppercase\G\G_012.png
G_013,G,G,uppercase,media_1791228862843.jpg,uppercase_a_to_l,0,6,12,904,469,923,493,128,4.0,1904,141.65,141.6,1.0,1.0,GOOD,NONE,C:\Projects\Transcriber\dataset\glyphs\uppercase\G\G_013.png
G_014,G,G,uppercase,media_1791228862843.jpg,uppercase_a_to_l,0,6,13,968,473,987,500,128,3.556,1694,133.74,162.04,1.0,1.0,GOOD,NONE,C:\Projects\Transcriber\dataset\glyphs\uppercase\G\G_014.png
H_001,H,H,uppercase,media_1791228862843.jpg,uppercase_a_to_l,0,7,0,28,544,45,573,128,3.31,1514,128.99,183.27,1.0,1.0,GOOD,NONE,C:\Projects\Transcriber\dataset\glyphs\uppercase\H\H_001.png
H_002,H,H,uppercase,media_1791228862843.jpg,uppercase_a_to_l,0,7,1,97,547,116,574,128,3.556,1788,122.37,107.7,1.0,1.0,GOOD,NONE,C:\Projects\Transcriber\dataset\glyphs\uppercase\H\H_002.png
H_003,H,H,uppercase,media_1791228862843.jpg,uppercase_a_to_l,0,7,2,171,545,187,570,128,3.84,1735,116.0,110.27,1.0,1.0,GOOD,NONE,C:\Projects\Transcriber\dataset\glyphs\uppercase\H\H_003.png
H_004,H,H,uppercase,media_1791228862843.jpg,uppercase_a_to_l,0,7,3,260,542,280,568,128,3.692,1882,108.83,73.59,1.0,1.0,GOOD,NONE,C:\Projects\Transcriber\dataset\glyphs\uppercase\H\H_004.png
H_005,H,H,uppercase,media_1791228862843.jpg,uppercase_a_to_l,0,7,4,336,542,350,566,128,4.0,1728,99.68,81.92,1.0,1.0,GOOD,NONE,C:\Projects\Transcriber\dataset\glyphs\uppercase\H\H_005.png
H_006,H,H,uppercase,media_1791228862843.jpg,uppercase_a_to_l,0,7,5,415,542,431,566,128,4.0,1776,106.53,60.14,1.0,1.0,GOOD,NONE,C:\Projects\Transcriber\dataset\glyphs\uppercase\H\H_006.png
H_007,H,H,uppercase,media_1791228862843.jpg,uppercase_a_to_l,0,7,6,477,543,494,567,128,4.0,1872,106.47,49.85,1.0,1.0,GOOD,NONE,C:\Projects\Transcriber\dataset\glyphs\uppercase\H\H_007.png
H_008,H,H,uppercase,media_1791228862843.jpg,uppercase_a_to_l,0,7,7,546,542,562,566,128,4.0,1952,100.46,65.59,1.0,1.0,GOOD,NONE,C:\Projects\Transcriber\dataset\glyphs\uppercase\H\H_008.png
H_009,H,H,uppercase,media_1791228862843.jpg,uppercase_a_to_l,0,7,8,607,541,636,572,128,3.097,1486,105.74,62.19,1.0,1.0,GOOD,NONE,C:\Projects\Transcriber\dataset\glyphs\uppercase\H\H_009.png
H_010,H,H,uppercase,media_1791228862843.jpg,uppercase_a_to_l,0,7,9,699,543,719,567,128,4.0,1904,101.04,46.8,1.0,1.0,GOOD,NONE,C:\Projects\Transcriber\dataset\glyphs\uppercase\H\H_010.png
H_011,H,H,uppercase,media_1791228862843.jpg,uppercase_a_to_l,0,7,10,757,543,774,568,128,3.84,1597,110.52,93.42,1.0,1.0,GOOD,NONE,C:\Projects\Transcriber\dataset\glyphs\uppercase\H\H_011.png
H_012,H,H,uppercase,media_1791228862843.jpg,uppercase_a_to_l,0,7,11,829,544,845,571,128,3.556,1604,130.87,170.28,1.0,1.0,GOOD,NONE,C:\Projects\Transcriber\dataset\glyphs\uppercase\H\H_012.png
H_013,H,H,uppercase,media_1791228862843.jpg,uppercase_a_to_l,0,7,12,905,546,921,568,128,4.364,2097,142.62,110.63,1.0,1.0,GOOD,NONE,C:\Projects\Transcriber\dataset\glyphs\uppercase\H\H_013.png
H_014,H,H,uppercase,media_1791228862843.jpg,uppercase_a_to_l,0,7,13,979,545,995,569,128,4.0,1920,128.01,156.57,1.0,1.0,GOOD,NONE,C:\Projects\Transcriber\dataset\glyphs\uppercase\H\H_014.png
I_001,I,I,uppercase,media_1791228862843.jpg,uppercase_a_to_l,0,8,0,28,618,50,645,128,3.556,1627,135.94,111.68,1.0,1.0,GOOD,NONE,C:\Projects\Transcriber\dataset\glyphs\uppercase\I\I_001.png
I_002,I,I,uppercase,media_1791228862843.jpg,uppercase_a_to_l,0,8,1,102,619,126,642,128,4.0,1840,117.97,55.47,1.0,1.0,GOOD,NONE,C:\Projects\Transcriber\dataset\glyphs\uppercase\I\I_002.png
I_003,I,I,uppercase,media_1791228862843.jpg,uppercase_a_to_l,0,8,2,171,617,194,641,128,4.0,2032,120.45,67.09,1.0,1.0,GOOD,NONE,C:\Projects\Transcriber\dataset\glyphs\uppercase\I\I_003.png
I_004,I,I,uppercase,media_1791228862843.jpg,uppercase_a_to_l,0,8,3,247,617,268,642,128,3.84,1857,115.62,85.69,1.0,1.0,GOOD,NONE,C:\Projects\Transcriber\dataset\glyphs\uppercase\I\I_004.png
I_005,I,I,uppercase,media_1791228862843.jpg,uppercase_a_to_l,0,8,4,334,610,353,636,128,3.692,1494,101.68,80.12,1.0,1.0,GOOD,NONE,C:\Projects\Transcriber\dataset\glyphs\uppercase\I\I_005.png
I_006,I,I,uppercase,media_1791228862843.jpg,uppercase_a_to_l,0,8,5,398,610,421,633,128,4.174,2208,96.32,45.79,1.0,1.0,GOOD,NONE,C:\Projects\Transcriber\dataset\glyphs\uppercase\I\I_006.png
I_007,I,I,uppercase,media_1791228862843.jpg,uppercase_a_to_l,0,8,6,473,610,494,633,128,4.174,2047,95.78,32.82,1.0,1.0,GOOD,NONE,C:\Projects\Transcriber\dataset\glyphs\uppercase\I\I_007.png
I_008,I,I,uppercase,media_1791228862843.jpg,uppercase_a_to_l,0,8,7,543,609,565,633,128,4.0,1984,92.3,34.28,1.0,1.0,GOOD,NONE,C:\Projects\Transcriber\dataset\glyphs\uppercase\I\I_008.png
I_009,I,I,uppercase,media_1791228862843.jpg,uppercase_a_to_l,0,8,8,612,607,635,634,128,3.556,1752,99.0,70.95,1.0,1.0,GOOD,NONE,C:\Projects\Transcriber\dataset\glyphs\uppercase\I\I_009.png
I_010,I,I,uppercase,media_1791228862843.jpg,uppercase_a_to_l,0,8,9,698,611,716,636,128,3.84,1526,113.3,65.22,1.0,1.0,GOOD,NONE,C:\Projects\Transcriber\dataset\glyphs\uppercase\I\I_010.png
I_011,I,I,uppercase,media_1791228862843.jpg,uppercase_a_to_l,0,8,10,763,614,785,639,128,3.84,1859,120.29,78.04,1.0,1.0,GOOD,NONE,C:\Projects\Transcriber\dataset\glyphs\uppercase\I\I_011.png
I_012,I,I,uppercase,media_1791228862843.jpg,uppercase_a_to_l,0,8,11,839,619,857,645,128,3.692,1431,121.75,153.49,1.0,1.0,GOOD,NONE,C:\Projects\Transcriber\dataset\glyphs\uppercase\I\I_012.png
I_013,I,I,uppercase,media_1791228862843.jpg,uppercase_a_to_l,0,8,12,909,620,930,643,128,4.174,1720,130.26,98.81,1.0,1.0,GOOD,NONE,C:\Projects\Transcriber\dataset\glyphs\uppercase\I\I_013.png
I_014,I,I,uppercase,media_1791228862843.jpg,uppercase_a_to_l,0,8,13,966,621,988,644,128,4.174,2112,126.88,90.67,1.0,1.0,GOOD,NONE,C:\Projects\Transcriber\dataset\glyphs\uppercase\I\I_014.png
J_001,J,J,uppercase,media_1791228862843.jpg,uppercase_a_to_l,0,9,0,28,696,50,721,128,3.84,1870,118.89,82.61,1.0,1.0,GOOD,NONE,C:\Projects\Transcriber\dataset\glyphs\uppercase\J\J_001.png
J_002,J,J,uppercase,media_1791228862843.jpg,uppercase_a_to_l,0,9,1,99,699,123,721,128,4.0,1760,127.89,57.01,1.0,1.0,GOOD,NONE,C:\Projects\Transcriber\dataset\glyphs\uppercase\J\J_002.png
J_003,J,J,uppercase,media_1791228862843.jpg,uppercase_a_to_l,0,9,2,169,697,188,720,128,4.174,1823,121.15,75.22,1.0,1.0,GOOD,NONE,C:\Projects\Transcriber\dataset\glyphs\uppercase\J\J_003.png
J_004,J,J,uppercase,media_1791228862843.jpg,uppercase_a_to_l,0,9,3,250,697,270,717,128,4.8,2076,114.28,49.64,1.0,1.0,GOOD,NONE,C:\Projects\Transcriber\dataset\glyphs\uppercase\J\J_004.png
J_005,J,J,uppercase,media_1791228862843.jpg,uppercase_a_to_l,0,9,4,323,691,353,715,128,3.2,1482,128.46,122.5,1.0,1.0,GOOD,NONE,C:\Projects\Transcriber\dataset\glyphs\uppercase\J\J_005.png
J_006,J,J,uppercase,media_1791228862843.jpg,uppercase_a_to_l,0,9,5,406,693,431,714,128,3.84,1832,102.27,63.5,1.0,1.0,GOOD,NONE,C:\Projects\Transcriber\dataset\glyphs\uppercase\J\J_006.png
J_007,J,J,uppercase,media_1791228862843.jpg,uppercase_a_to_l,0,9,6,468,690,491,712,128,4.174,1821,108.99,51.37,1.0,1.0,GOOD,NONE,C:\Projects\Transcriber\dataset\glyphs\uppercase\J\J_007.png
J_008,J,J,uppercase,media_1791228862843.jpg,uppercase_a_to_l,0,9,7,534,687,559,711,128,3.84,1886,105.38,56.54,1.0,1.0,GOOD,NONE,C:\Projects\Transcriber\dataset\glyphs\uppercase\J\J_008.png
J_009,J,J,uppercase,media_1791228862843.jpg,uppercase_a_to_l,0,9,8,611,691,634,713,128,4.174,1921,111.67,73.46,1.0,1.0,GOOD,NONE,C:\Projects\Transcriber\dataset\glyphs\uppercase\J\J_009.png
J_010,J,J,uppercase,media_1791228862843.jpg,uppercase_a_to_l,0,9,9,691,693,720,715,128,3.31,1438,111.45,117.81,1.0,1.0,GOOD,NONE,C:\Projects\Transcriber\dataset\glyphs\uppercase\J\J_010.png
J_011,J,J,uppercase,media_1791228862843.jpg,uppercase_a_to_l,0,9,10,760,693,783,714,128,4.174,1829,123.19,91.13,1.0,1.0,GOOD,NONE,C:\Projects\Transcriber\dataset\glyphs\uppercase\J\J_011.png
J_012,J,J,uppercase,media_1791228862843.jpg,uppercase_a_to_l,0,9,11,830,693,857,716,128,3.556,1391,121.58,137.63,1.0,1.0,GOOD,NONE,C:\Projects\Transcriber\dataset\glyphs\uppercase\J\J_012.png
J_013,J,J,uppercase,media_1791228862843.jpg,uppercase_a_to_l,0,9,12,903,690,930,712,128,3.556,1400,131.36,149.4,1.0,1.0,GOOD,NONE,C:\Projects\Transcriber\dataset\glyphs\uppercase\J\J_013.png
J_014,J,J,uppercase,media_1791228862843.jpg,uppercase_a_to_l,0,9,13,971,692,999,715,128,3.429,1246,139.53,111.03,1.0,1.0,GOOD,NONE,C:\Projects\Transcriber\dataset\glyphs\uppercase\J\J_014.png
K_001,K,K,uppercase,media_1791228862843.jpg,uppercase_a_to_l,0,10,0,24,772,43,799,128,3.556,1387,124.35,107.91,1.0,1.0,GOOD,NONE,C:\Projects\Transcriber\dataset\glyphs\uppercase\K\K_001.png
K_002,K,K,uppercase,media_1791228862843.jpg,uppercase_a_to_l,0,10,1,89,770,107,796,128,3.692,1479,136.57,125.07,1.0,1.0,GOOD,NONE,C:\Projects\Transcriber\dataset\glyphs\uppercase\K\K_002.png
K_003,K,K,uppercase,media_1791228862843.jpg,uppercase_a_to_l,0,10,2,171,768,190,795,128,3.556,1494,135.0,139.86,1.0,1.0,GOOD,NONE,C:\Projects\Transcriber\dataset\glyphs\uppercase\K\K_003.png
K_004,K,K,uppercase,media_1791228862843.jpg,uppercase_a_to_l,0,10,3,243,768,261,793,128,3.84,1543,126.17,117.11,1.0,1.0,GOOD,NONE,C:\Projects\Transcriber\dataset\glyphs\uppercase\K\K_004.png
K_005,K,K,uppercase,media_1791228862843.jpg,uppercase_a_to_l,0,10,4,331,766,349,792,128,3.692,1361,130.45,239.25,1.0,1.0,GOOD,NONE,C:\Projects\Transcriber\dataset\glyphs\uppercase\K\K_005.png
K_006,K,K,uppercase,media_1791228862843.jpg,uppercase_a_to_l,0,10,5,411,766,426,792,128,3.692,1281,133.54,298.97,1.0,1.0,GOOD,NONE,C:\Projects\Transcriber\dataset\glyphs\uppercase\K\K_006.png
K_007,K,K,uppercase,media_1791228862843.jpg,uppercase_a_to_l,0,10,6,483,769,498,793,128,4.0,1712,127.2,122.89,1.0,1.0,GOOD,NONE,C:\Projects\Transcriber\dataset\glyphs\uppercase\K\K_007.png
K_008,K,K,uppercase,media_1791228862843.jpg,uppercase_a_to_l,0,10,7,546,769,565,796,128,3.556,1595,119.97,148.07,1.0,1.0,GOOD,NONE,C:\Projects\Transcriber\dataset\glyphs\uppercase\K\K_008.png
K_009,K,K,uppercase,media_1791228862843.jpg,uppercase_a_to_l,0,10,8,616,766,635,794,128,3.429,1566,119.2,144.2,1.0,1.0,GOOD,NONE,C:\Projects\Transcriber\dataset\glyphs\uppercase\K\K_009.png
K_010,K,K,uppercase,media_1791228862843.jpg,uppercase_a_to_l,0,10,9,691,767,710,796,128,3.31,1467,126.43,187.14,1.0,1.0,GOOD,NONE,C:\Projects\Transcriber\dataset\glyphs\uppercase\K\K_010.png
K_011,K,K,uppercase,media_1791228862843.jpg,uppercase_a_to_l,0,10,10,766,770,785,798,128,3.429,1454,122.0,172.96,1.0,1.0,GOOD,NONE,C:\Projects\Transcriber\dataset\glyphs\uppercase\K\K_011.png
K_012,K,K,uppercase,media_1791228862843.jpg,uppercase_a_to_l,0,10,11,836,771,853,798,128,3.556,1444,138.68,195.69,1.0,1.0,GOOD,NONE,C:\Projects\Transcriber\dataset\glyphs\uppercase\K\K_012.png
K_013,K,K,uppercase,media_1791228862843.jpg,uppercase_a_to_l,0,10,12,901,770,921,798,128,3.429,1474,133.12,163.07,1.0,1.0,GOOD,NONE,C:\Projects\Transcriber\dataset\glyphs\uppercase\K\K_013.png
K_014,K,K,uppercase,media_1791228862843.jpg,uppercase_a_to_l,0,10,13,974,773,996,797,128,4.0,2000,129.52,102.36,1.0,1.0,GOOD,NONE,C:\Projects\Transcriber\dataset\glyphs\uppercase\K\K_014.png
L_001,L,L,uppercase,media_1791228862843.jpg,uppercase_a_to_l,0,11,0,24,850,46,878,128,3.429,1272,115.8,58.94,1.0,1.0,GOOD,NONE,C:\Projects\Transcriber\dataset\glyphs\uppercase\L\L_001.png
L_002,L,L,uppercase,media_1791228862843.jpg,uppercase_a_to_l,0,11,1,90,846,109,872,128,3.692,1247,121.22,75.08,1.0,1.0,GOOD,NONE,C:\Projects\Transcriber\dataset\glyphs\uppercase\L\L_002.png
L_003,L,L,uppercase,media_1791228862843.jpg,uppercase_a_to_l,0,11,2,174,844,193,870,128,3.692,1215,110.91,77.83,1.0,1.0,GOOD,NONE,C:\Projects\Transcriber\dataset\glyphs\uppercase\L\L_003.png
L_004,L,L,uppercase,media_1791228862843.jpg,uppercase_a_to_l,0,11,3,263,841,279,869,128,3.429,1124,112.73,201.53,1.0,1.0,GOOD,NONE,C:\Projects\Transcriber\dataset\glyphs\uppercase\L\L_004.png
L_005,L,L,uppercase,media_1791228862843.jpg,uppercase_a_to_l,0,11,4,343,844,359,869,128,3.84,1063,119.06,76.57,1.0,1.0,GOOD,NONE,C:\Projects\Transcriber\dataset\glyphs\uppercase\L\L_005.png
L_006,L,L,uppercase,media_1791228862843.jpg,uppercase_a_to_l,0,11,5,390,837,431,866,128,2.341,704,101.41,174.63,1.0,1.0,GOOD,NONE,C:\Projects\Transcriber\dataset\glyphs\uppercase\L\L_006.png
L_007,L,L,uppercase,media_1791228862843.jpg,uppercase_a_to_l,0,11,6,483,841,502,868,128,3.556,1183,132.8,128.54,1.0,1.0,GOOD,NONE,C:\Projects\Transcriber\dataset\glyphs\uppercase\L\L_007.png
L_008,L,L,uppercase,media_1791228862843.jpg,uppercase_a_to_l,0,11,7,560,843,576,869,128,3.692,1080,134.27,81.45,1.0,1.0,GOOD,NONE,C:\Projects\Transcriber\dataset\glyphs\uppercase\L\L_008.png
L_009,L,L,uppercase,media_1791228862843.jpg,uppercase_a_to_l,0,11,8,621,847,639,872,128,3.84,1202,128.81,108.72,1.0,1.0,GOOD,NONE,C:\Projects\Transcriber\dataset\glyphs\uppercase\L\L_009.png
L_010,L,L,uppercase,media_1791228862843.jpg,uppercase_a_to_l,0,11,9,703,851,722,877,128,3.692,1185,127.74,70.13,1.0,1.0,GOOD,NONE,C:\Projects\Transcriber\dataset\glyphs\uppercase\L\L_010.png
L_011,L,L,uppercase,media_1791228862843.jpg,uppercase_a_to_l,0,11,10,768,851,786,875,128,4.0,1216,145.65,97.58,1.0,1.0,GOOD,NONE,C:\Projects\Transcriber\dataset\glyphs\uppercase\L\L_011.png
L_012,L,L,uppercase,media_1791228862843.jpg,uppercase_a_to_l,0,11,11,842,854,861,882,128,3.429,1134,133.54,131.17,1.0,1.0,GOOD,NONE,C:\Projects\Transcriber\dataset\glyphs\uppercase\L\L_012.png
L_013,L,L,uppercase,media_1791228862843.jpg,uppercase_a_to_l,0,11,12,902,856,922,880,128,4.0,1472,115.36,55.42,1.0,1.0,GOOD,NONE,C:\Projects\Transcriber\dataset\glyphs\uppercase\L\L_013.png
L_014,L,L,uppercase,media_1791228862843.jpg,uppercase_a_to_l,0,11,13,969,856,991,879,128,4.174,1622,110.71,49.99,1.0,1.0,GOOD,NONE,C:\Projects\Transcriber\dataset\glyphs\uppercase\L\L_014.png
